Date,Iteration,avgParticlesPerCell, cutoff, domainSizeX, domainSizeY, domainSizeZ, estimatedNumNeighborInteractions, homogeneity, maxDensity, maxParticlesPerCell, minParticlesPerCell, numCells, numEmptyCells, numHaloParticles, numParticles, particleSize, particleSizeNeededByFunctor, particlesPerBlurredCellStdDev, particlesPerCellStdDev, rebuildFrequency, skin, threadCount
2024-05-13 03:35:38,0,3.640604,2.500000,90.000000,90.000000,90.000000,2619207,0.102707,0.800000,8,1,46656,0,46144,216000,128,72,0.052282,0.003253,10,0.500000,12
2024-05-13 03:35:39,1,3.640604,2.500000,90.000000,90.000000,90.000000,2619207,0.102707,0.800000,8,1,46656,0,46144,216000,128,72,0.052282,0.003253,10,0.500000,12
2024-05-13 03:35:39,2,3.640604,2.500000,90.000000,90.000000,90.000000,2619207,0.102707,0.800000,8,1,46656,0,46144,216000,128,72,0.052282,0.003253,10,0.500000,12
2024-05-13 03:35:40,3,3.640604,2.500000,90.000000,90.000000,90.000000,2619207,0.102707,0.800000,8,1,46656,0,46144,216000,128,72,0.052282,0.003253,10,0.500000,12
2024-05-13 03:35:41,4,3.640604,2.500000,90.000000,90.000000,90.000000,2619207,0.102707,0.800000,8,1,46656,0,46144,216000,128,72,0.052282,0.003253,10,0.500000,12
2024-05-13 03:35:41,5,3.640604,2.500000,90.000000,90.000000,90.000000,2619207,0.102707,0.800000,8,1,46656,0,46144,216000,128,72,0.052282,0.003253,10,0.500000,12
2024-05-13 03:35:42,6,3.640604,2.500000,90.000000,90.000000,90.000000,2619207,0.102707,0.800000,8,1,46656,0,46144,216000,128,72,0.052282,0.003253,10,0.500000,12
2024-05-13 03:35:43,7,3.640604,2.500000,90.000000,90.000000,90.000000,2619207,0.102707,0.800000,8,1,46656,0,46144,216000,128,72,0.052282,0.003253,10,0.500000,12
2024-05-13 03:35:43,8,3.640604,2.500000,90.000000,90.000000,90.000000,2619207,0.102707,0.800000,8,1,46656,0,46144,216000,128,72,0.052282,0.003253,10,0.500000,12
2024-05-13 03:35:44,9,3.640604,2.500000,90.000000,90.000000,90.000000,2619207,0.102707,0.800000,8,1,46656,0,46144,216000,128,72,0.052282,0.003253,10,0.500000,12
2024-05-13 03:35:45,10,3.640604,2.500000,90.000000,90.000000,90.000000,2619207,0.102707,0.800000,8,1,46656,0,46144,216000,128,72,0.052282,0.003253,10,0.500000,12
2024-05-13 03:35:46,11,3.640604,2.500000,90.000000,90.000000,90.000000,2619207,0.102707,0.800000,8,1,46656,0,46144,216000,128,72,0.052282,0.003253,10,0.500000,12
2024-05-13 03:35:46,12,3.640604,2.500000,90.000000,90.000000,90.000000,2619207,0.102707,0.800000,8,1,46656,0,46144,216000,128,72,0.052282,0.003253,10,0.500000,12
2024-05-13 03:35:47,13,3.640604,2.500000,90.000000,90.000000,90.000000,2619207,0.102707,0.800000,8,1,46656,0,46144,216000,128,72,0.052282,0.003253,10,0.500000,12
2024-05-13 03:35:48,14,3.640604,2.500000,90.000000,90.000000,90.000000,2619207,0.102707,0.800000,8,1,46656,0,46144,216000,128,72,0.052282,0.003253,10,0.500000,12
2024-05-13 03:35:48,15,3.640604,2.500000,90.000000,90.000000,90.000000,2619207,0.102707,0.800000,8,1,46656,0,46144,216000,128,72,0.052282,0.003253,10,0.500000,12
2024-05-13 03:35:49,16,3.640604,2.500000,90.000000,90.000000,90.000000,2619207,0.102707,0.800000,8,1,46656,0,46144,216000,128,72,0.052282,0.003253,10,0.500000,12
2024-05-13 03:35:49,17,3.640604,2.500000,90.000000,90.000000,90.000000,2619207,0.102707,0.800000,8,1,46656,0,46144,216000,128,72,0.052282,0.003253,10,0.500000,12
2024-05-13 03:35:50,18,3.640604,2.500000,90.000000,90.000000,90.000000,2619207,0.102707,0.800000,8,1,46656,0,46144,216000,128,72,0.052282,0.003253,10,0.500000,12
2024-05-13 03:35:51,19,3.640604,2.500000,90.000000,90.000000,90.000000,2619207,0.102707,0.800000,8,1,46656,0,46144,216000,128,72,0.052282,0.003253,10,0.500000,12
2024-05-13 03:35:51,20,3.640604,2.500000,90.000000,90.000000,90.000000,2619207,0.102707,0.800000,8,1,46656,0,46144,216000,128,72,0.052282,0.003253,10,0.500000,12
2024-05-13 03:35:51,21,3.640604,2.500000,90.000000,90.000000,90.000000,2619207,0.102707,0.800000,8,1,46656,0,46144,216000,128,72,0.052282,0.003253,10,0.500000,12
2024-05-13 03:35:52,22,3.640604,2.500000,90.000000,90.000000,90.000000,2619207,0.102707,0.800000,8,1,46656,0,46144,216000,128,72,0.052282,0.003253,10,0.500000,12
2024-05-13 03:35:53,23,3.640604,2.500000,90.000000,90.000000,90.000000,2619207,0.102707,0.800000,8,1,46656,0,46144,216000,128,72,0.052282,0.003253,10,0.500000,12
2024-05-13 03:35:54,24,3.640604,2.500000,90.000000,90.000000,90.000000,2619207,0.102707,0.800000,8,1,46656,0,46144,216000,128,72,0.052282,0.003253,10,0.500000,12
2024-05-13 03:35:54,25,3.640604,2.500000,90.000000,90.000000,90.000000,2619207,0.102707,0.800000,8,1,46656,0,46144,216000,128,72,0.052282,0.003253,10,0.500000,12
2024-05-13 03:35:55,26,3.640604,2.500000,90.000000,90.000000,90.000000,2619207,0.102707,0.800000,8,1,46656,0,46144,216000,128,72,0.052282,0.003253,10,0.500000,12
2024-05-13 03:35:55,27,3.640604,2.500000,90.000000,90.000000,90.000000,2619207,0.102707,0.800000,8,1,46656,0,46144,216000,128,72,0.052282,0.003253,10,0.500000,12
2024-05-13 03:35:56,28,3.640604,2.500000,90.000000,90.000000,90.000000,2619207,0.102707,0.800000,8,1,46656,0,46144,216000,128,72,0.052282,0.003253,10,0.500000,12
2024-05-13 03:35:57,29,3.640604,2.500000,90.000000,90.000000,90.000000,2619207,0.102707,0.800000,8,1,46656,0,46144,216000,128,72,0.052282,0.003253,10,0.500000,12
2024-05-13 03:35:57,30,3.640604,2.500000,90.000000,90.000000,90.000000,2619207,0.102707,0.800000,8,1,46656,0,46144,216000,128,72,0.052282,0.003253,10,0.500000,12
2024-05-13 03:35:58,31,3.640604,2.500000,90.000000,90.000000,90.000000,2619207,0.102707,0.800000,8,1,46656,0,46144,216000,128,72,0.052282,0.003253,10,0.500000,12
2024-05-13 03:35:58,32,3.640604,2.500000,90.000000,90.000000,90.000000,2619207,0.102707,0.800000,8,1,46656,0,46144,216000,128,72,0.052282,0.003253,10,0.500000,12
2024-05-13 03:35:59,33,3.640604,2.500000,90.000000,90.000000,90.000000,2619207,0.102707,0.800000,8,1,46656,0,46144,216000,128,72,0.052282,0.003253,10,0.500000,12
2024-05-13 03:36:00,34,3.640604,2.500000,90.000000,90.000000,90.000000,2619207,0.102707,0.800000,8,1,46656,0,46144,216000,128,72,0.052282,0.003253,10,0.500000,12
2024-05-13 03:36:00,35,3.640604,2.500000,90.000000,90.000000,90.000000,2619207,0.102707,0.800000,8,1,46656,0,46144,216000,128,72,0.052282,0.003253,10,0.500000,12
2024-05-13 03:36:01,36,3.640604,2.500000,90.000000,90.000000,90.000000,2619207,0.102707,0.800000,8,1,46656,0,46144,216000,128,72,0.052282,0.003253,10,0.500000,12
2024-05-13 03:36:02,37,3.640604,2.500000,90.000000,90.000000,90.000000,2619207,0.102707,0.800000,8,1,46656,0,46144,216000,128,72,0.052282,0.003253,10,0.500000,12
2024-05-13 03:36:02,38,3.640604,2.500000,90.000000,90.000000,90.000000,2619207,0.102707,0.800000,8,1,46656,0,46144,216000,128,72,0.052282,0.003253,10,0.500000,12
2024-05-13 03:36:03,39,3.640604,2.500000,90.000000,90.000000,90.000000,2619207,0.102707,0.800000,8,1,46656,0,46144,216000,128,72,0.052282,0.003253,10,0.500000,12
2024-05-13 03:36:04,40,3.640604,2.500000,90.000000,90.000000,90.000000,2619207,0.102707,0.800000,8,1,46656,0,46144,216000,128,72,0.052282,0.003253,10,0.500000,12
2024-05-13 03:36:04,41,3.640604,2.500000,90.000000,90.000000,90.000000,2619207,0.102707,0.800000,8,1,46656,0,46144,216000,128,72,0.052282,0.003253,10,0.500000,12
2024-05-13 03:36:05,42,3.640604,2.500000,90.000000,90.000000,90.000000,2619207,0.102707,0.800000,8,1,46656,0,46144,216000,128,72,0.052282,0.003253,10,0.500000,12
2024-05-13 03:36:06,43,3.640604,2.500000,90.000000,90.000000,90.000000,2619207,0.102707,0.800000,8,1,46656,0,46144,216000,128,72,0.052282,0.003253,10,0.500000,12
2024-05-13 03:36:06,44,3.640604,2.500000,90.000000,90.000000,90.000000,2619207,0.102707,0.800000,8,1,46656,0,46144,216000,128,72,0.052282,0.003253,10,0.500000,12
2024-05-13 03:36:07,45,3.640604,2.500000,90.000000,90.000000,90.000000,2619207,0.102707,0.800000,8,1,46656,0,46144,216000,128,72,0.052282,0.003253,10,0.500000,12
2024-05-13 03:36:07,46,3.640604,2.500000,90.000000,90.000000,90.000000,2619207,0.102707,0.800000,8,1,46656,0,46144,216000,128,72,0.052282,0.003253,10,0.500000,12
2024-05-13 03:36:08,47,3.640604,2.500000,90.000000,90.000000,90.000000,2619207,0.102707,0.800000,8,1,46656,0,46144,216000,128,72,0.052282,0.003253,10,0.500000,12
2024-05-13 03:36:09,48,3.640604,2.500000,90.000000,90.000000,90.000000,2619207,0.102707,0.800000,8,1,46656,0,46144,216000,128,72,0.052282,0.003253,10,0.500000,12
2024-05-13 03:36:09,49,3.640604,2.500000,90.000000,90.000000,90.000000,2619207,0.102707,0.800000,8,1,46656,0,46144,216000,128,72,0.052282,0.003253,10,0.500000,12
2024-05-13 03:36:09,50,3.640604,2.500000,90.000000,90.000000,90.000000,2619207,0.102707,0.800000,8,1,46656,0,46144,216000,128,72,0.052282,0.003253,10,0.500000,12
2024-05-13 03:36:10,51,3.640604,2.500000,90.000000,90.000000,90.000000,2619207,0.102707,0.800000,8,1,46656,0,46144,216000,128,72,0.052282,0.003253,10,0.500000,12
2024-05-13 03:36:11,52,3.640604,2.500000,90.000000,90.000000,90.000000,2619207,0.102707,0.800000,8,1,46656,0,46144,216000,128,72,0.052282,0.003253,10,0.500000,12
2024-05-13 03:36:11,53,3.640604,2.500000,90.000000,90.000000,90.000000,2619207,0.102707,0.800000,8,1,46656,0,46144,216000,128,72,0.052282,0.003253,10,0.500000,12
2024-05-13 03:36:12,54,3.640604,2.500000,90.000000,90.000000,90.000000,2619207,0.102707,0.800000,8,1,46656,0,46144,216000,128,72,0.052282,0.003253,10,0.500000,12
2024-05-13 03:36:12,55,3.640604,2.500000,90.000000,90.000000,90.000000,2619207,0.102707,0.800000,8,1,46656,0,46144,216000,128,72,0.052282,0.003253,10,0.500000,12
2024-05-13 03:36:13,56,3.640604,2.500000,90.000000,90.000000,90.000000,2619207,0.102707,0.800000,8,1,46656,0,46144,216000,128,72,0.052282,0.003253,10,0.500000,12
2024-05-13 03:36:14,57,3.640604,2.500000,90.000000,90.000000,90.000000,2619207,0.102707,0.800000,8,1,46656,0,46144,216000,128,72,0.052282,0.003253,10,0.500000,12
2024-05-13 03:36:14,58,3.640604,2.500000,90.000000,90.000000,90.000000,2619207,0.102707,0.800000,8,1,46656,0,46144,216000,128,72,0.052282,0.003253,10,0.500000,12
2024-05-13 03:36:15,59,3.640604,2.500000,90.000000,90.000000,90.000000,2619207,0.102707,0.800000,8,1,46656,0,46144,216000,128,72,0.052282,0.003253,10,0.500000,12
2024-05-13 03:36:15,60,3.640604,2.500000,90.000000,90.000000,90.000000,2619207,0.102707,0.800000,8,1,46656,0,46144,216000,128,72,0.052282,0.003253,10,0.500000,12
2024-05-13 03:36:16,61,3.640604,2.500000,90.000000,90.000000,90.000000,2619207,0.102707,0.800000,8,1,46656,0,46144,216000,128,72,0.052282,0.003253,10,0.500000,12
2024-05-13 03:36:16,62,3.640604,2.500000,90.000000,90.000000,90.000000,2619207,0.102707,0.800000,8,1,46656,0,46144,216000,128,72,0.052282,0.003253,10,0.500000,12
2024-05-13 03:36:17,63,3.640604,2.500000,90.000000,90.000000,90.000000,2619207,0.102707,0.800000,8,1,46656,0,46144,216000,128,72,0.052282,0.003253,10,0.500000,12
2024-05-13 03:36:18,64,3.640604,2.500000,90.000000,90.000000,90.000000,2619207,0.102707,0.800000,8,1,46656,0,46144,216000,128,72,0.052282,0.003253,10,0.500000,12
2024-05-13 03:36:18,65,3.640604,2.500000,90.000000,90.000000,90.000000,2619207,0.102707,0.800000,8,1,46656,0,46144,216000,128,72,0.052282,0.003253,10,0.500000,12
2024-05-13 03:36:19,66,3.640604,2.500000,90.000000,90.000000,90.000000,2619207,0.102707,0.800000,8,1,46656,0,46144,216000,128,72,0.052282,0.003253,10,0.500000,12
2024-05-13 03:36:20,67,3.640604,2.500000,90.000000,90.000000,90.000000,2619207,0.102707,0.800000,8,1,46656,0,46144,216000,128,72,0.052282,0.003253,10,0.500000,12
2024-05-13 03:36:20,68,3.640604,2.500000,90.000000,90.000000,90.000000,2619207,0.102707,0.800000,8,1,46656,0,46144,216000,128,72,0.052282,0.003253,10,0.500000,12
2024-05-13 03:36:21,69,3.640604,2.500000,90.000000,90.000000,90.000000,2619207,0.102707,0.800000,8,1,46656,0,46144,216000,128,72,0.052282,0.003253,10,0.500000,12
2024-05-13 03:36:22,70,3.640604,2.500000,90.000000,90.000000,90.000000,2619207,0.102707,0.800000,8,1,46656,0,46144,216000,128,72,0.052282,0.003253,10,0.500000,12
2024-05-13 03:36:22,71,3.640604,2.500000,90.000000,90.000000,90.000000,2619207,0.102707,0.800000,8,1,46656,0,46144,216000,128,72,0.052282,0.003253,10,0.500000,12
2024-05-13 03:36:23,72,3.640604,2.500000,90.000000,90.000000,90.000000,2619207,0.102707,0.800000,8,1,46656,0,46144,216000,128,72,0.052282,0.003253,10,0.500000,12
2024-05-13 03:36:24,73,3.640604,2.500000,90.000000,90.000000,90.000000,2619207,0.102707,0.800000,8,1,46656,0,46144,216000,128,72,0.052282,0.003253,10,0.500000,12
2024-05-13 03:36:24,74,3.640604,2.500000,90.000000,90.000000,90.000000,2619207,0.102707,0.800000,8,1,46656,0,46144,216000,128,72,0.052282,0.003253,10,0.500000,12
2024-05-13 03:36:25,75,3.640604,2.500000,90.000000,90.000000,90.000000,2619207,0.102707,0.800000,8,1,46656,0,46144,216000,128,72,0.052282,0.003253,10,0.500000,12
2024-05-13 03:36:25,76,3.640604,2.500000,90.000000,90.000000,90.000000,2619207,0.102707,0.800000,8,1,46656,0,46144,216000,128,72,0.052282,0.003253,10,0.500000,12
2024-05-13 03:36:26,77,3.640604,2.500000,90.000000,90.000000,90.000000,2619207,0.102707,0.800000,8,1,46656,0,46144,216000,128,72,0.052282,0.003253,10,0.500000,12
2024-05-13 03:36:27,78,3.640604,2.500000,90.000000,90.000000,90.000000,2619207,0.102707,0.800000,8,1,46656,0,46144,216000,128,72,0.052282,0.003253,10,0.500000,12
2024-05-13 03:36:28,79,3.640604,2.500000,90.000000,90.000000,90.000000,2619207,0.102707,0.800000,8,1,46656,0,46144,216000,128,72,0.052282,0.003253,10,0.500000,12
2024-05-13 03:36:28,80,3.640604,2.500000,90.000000,90.000000,90.000000,2619207,0.102707,0.800000,8,1,46656,0,46144,216000,128,72,0.052282,0.003253,10,0.500000,12
2024-05-13 03:36:29,81,3.640604,2.500000,90.000000,90.000000,90.000000,2619207,0.102707,0.800000,8,1,46656,0,46144,216000,128,72,0.052282,0.003253,10,0.500000,12
2024-05-13 03:36:29,82,3.640604,2.500000,90.000000,90.000000,90.000000,2619207,0.102707,0.800000,8,1,46656,0,46144,216000,128,72,0.052282,0.003253,10,0.500000,12
2024-05-13 03:36:30,83,3.640604,2.500000,90.000000,90.000000,90.000000,2619207,0.102707,0.800000,8,1,46656,0,46144,216000,128,72,0.052282,0.003253,10,0.500000,12
2024-05-13 03:36:31,84,3.640604,2.500000,90.000000,90.000000,90.000000,2619207,0.102707,0.800000,8,1,46656,0,46144,216000,128,72,0.052282,0.003253,10,0.500000,12
2024-05-13 03:36:31,85,3.640604,2.500000,90.000000,90.000000,90.000000,2619207,0.102707,0.800000,8,1,46656,0,46144,216000,128,72,0.052282,0.003253,10,0.500000,12
2024-05-13 03:36:32,86,3.640604,2.500000,90.000000,90.000000,90.000000,2619207,0.102707,0.800000,8,1,46656,0,46144,216000,128,72,0.052282,0.003253,10,0.500000,12
2024-05-13 03:36:32,87,3.640604,2.500000,90.000000,90.000000,90.000000,2619207,0.102707,0.800000,8,1,46656,0,46144,216000,128,72,0.052282,0.003253,10,0.500000,12
2024-05-13 03:36:33,88,3.640604,2.500000,90.000000,90.000000,90.000000,2619207,0.102707,0.800000,8,1,46656,0,46144,216000,128,72,0.052282,0.003253,10,0.500000,12
2024-05-13 03:36:34,89,3.640604,2.500000,90.000000,90.000000,90.000000,2619207,0.102707,0.800000,8,1,46656,0,46144,216000,128,72,0.052282,0.003253,10,0.500000,12
2024-05-13 03:36:34,90,3.640604,2.500000,90.000000,90.000000,90.000000,2619207,0.102707,0.800000,8,1,46656,0,46144,216000,128,72,0.052282,0.003253,10,0.500000,12
2024-05-13 03:36:35,91,3.640604,2.500000,90.000000,90.000000,90.000000,2619207,0.102707,0.800000,8,1,46656,0,46144,216000,128,72,0.052282,0.003253,10,0.500000,12
2024-05-13 03:36:36,92,3.640604,2.500000,90.000000,90.000000,90.000000,2619207,0.102707,0.800000,8,1,46656,0,46144,216000,128,72,0.052282,0.003253,10,0.500000,12
2024-05-13 03:36:36,93,3.640604,2.500000,90.000000,90.000000,90.000000,2619207,0.102707,0.800000,8,1,46656,0,46144,216000,128,72,0.052282,0.003253,10,0.500000,12
2024-05-13 03:36:37,94,3.640604,2.500000,90.000000,90.000000,90.000000,2619207,0.102707,0.800000,8,1,46656,0,46144,216000,128,72,0.052282,0.003253,10,0.500000,12
2024-05-13 03:36:37,95,3.640604,2.500000,90.000000,90.000000,90.000000,2619207,0.102707,0.800000,8,1,46656,0,46144,216000,128,72,0.052282,0.003253,10,0.500000,12
2024-05-13 03:36:38,96,3.640604,2.500000,90.000000,90.000000,90.000000,2619207,0.102707,0.800000,8,1,46656,0,46144,216000,128,72,0.052282,0.003253,10,0.500000,12
2024-05-13 03:36:39,97,3.640604,2.500000,90.000000,90.000000,90.000000,2619207,0.102707,0.800000,8,1,46656,0,46144,216000,128,72,0.052282,0.003253,10,0.500000,12
2024-05-13 03:36:39,98,3.640604,2.500000,90.000000,90.000000,90.000000,2619207,0.102707,0.800000,8,1,46656,0,46144,216000,128,72,0.052282,0.003253,10,0.500000,12
2024-05-13 03:36:40,99,3.640604,2.500000,90.000000,90.000000,90.000000,2619207,0.102707,0.800000,8,1,46656,0,46144,216000,128,72,0.052282,0.003253,10,0.500000,12
2024-05-13 03:36:40,100,3.640604,2.500000,90.000000,90.000000,90.000000,2619207,0.102707,0.800000,8,1,46656,0,46144,216000,128,72,0.052282,0.003253,10,0.500000,12
2024-05-13 03:36:41,101,3.640604,2.500000,90.000000,90.000000,90.000000,2619207,0.102707,0.800000,8,1,46656,0,46144,216000,128,72,0.052282,0.003253,10,0.500000,12
2024-05-13 03:36:42,102,3.640604,2.500000,90.000000,90.000000,90.000000,2619207,0.102707,0.800000,8,1,46656,0,46144,216000,128,72,0.052282,0.003253,10,0.500000,12
2024-05-13 03:36:43,103,3.640604,2.500000,90.000000,90.000000,90.000000,2619207,0.102707,0.800000,8,1,46656,0,46144,216000,128,72,0.052282,0.003253,10,0.500000,12
2024-05-13 03:36:43,104,3.640604,2.500000,90.000000,90.000000,90.000000,2619207,0.102707,0.800000,8,1,46656,0,46144,216000,128,72,0.052282,0.003253,10,0.500000,12
2024-05-13 03:36:44,105,3.640604,2.500000,90.000000,90.000000,90.000000,2619207,0.102707,0.800000,8,1,46656,0,46144,216000,128,72,0.052282,0.003253,10,0.500000,12
2024-05-13 03:36:45,106,3.640604,2.500000,90.000000,90.000000,90.000000,2619207,0.102707,0.800000,8,1,46656,0,46144,216000,128,72,0.052282,0.003253,10,0.500000,12
2024-05-13 03:36:45,107,3.640604,2.500000,90.000000,90.000000,90.000000,2619207,0.102707,0.800000,8,1,46656,0,46144,216000,128,72,0.052282,0.003253,10,0.500000,12
2024-05-13 03:36:46,108,3.640604,2.500000,90.000000,90.000000,90.000000,2619207,0.102707,0.800000,8,1,46656,0,46144,216000,128,72,0.052282,0.003253,10,0.500000,12
2024-05-13 03:36:47,109,3.640604,2.500000,90.000000,90.000000,90.000000,2619207,0.102707,0.800000,8,1,46656,0,46144,216000,128,72,0.052282,0.003253,10,0.500000,12
2024-05-13 03:36:47,110,3.640604,2.500000,90.000000,90.000000,90.000000,2619207,0.102707,0.800000,8,1,46656,0,46144,216000,128,72,0.052282,0.003253,10,0.500000,12
2024-05-13 03:36:48,111,3.640604,2.500000,90.000000,90.000000,90.000000,2619207,0.102707,0.800000,8,1,46656,0,46144,216000,128,72,0.052282,0.003253,10,0.500000,12
2024-05-13 03:36:53,112,3.640604,2.500000,90.000000,90.000000,90.000000,2619207,0.102707,0.800000,8,1,46656,0,46144,216000,128,72,0.052282,0.003253,10,0.500000,12
2024-05-13 03:36:53,113,3.640604,2.500000,90.000000,90.000000,90.000000,2619207,0.102707,0.800000,8,1,46656,0,46144,216000,128,72,0.052282,0.003253,10,0.500000,12
2024-05-13 03:36:54,114,3.640604,2.500000,90.000000,90.000000,90.000000,2619207,0.102707,0.800000,8,1,46656,0,46144,216000,128,72,0.052282,0.003253,10,0.500000,12
2024-05-13 03:36:59,115,3.640604,2.500000,90.000000,90.000000,90.000000,2619207,0.102707,0.800000,8,1,46656,0,46144,216000,128,72,0.052282,0.003253,10,0.500000,12
2024-05-13 03:36:59,116,3.640604,2.500000,90.000000,90.000000,90.000000,2619207,0.102707,0.800000,8,1,46656,0,46144,216000,128,72,0.052282,0.003253,10,0.500000,12
2024-05-13 03:36:59,117,3.640604,2.500000,90.000000,90.000000,90.000000,2619207,0.102707,0.800000,8,1,46656,0,46144,216000,128,72,0.052282,0.003253,10,0.500000,12
2024-05-13 03:37:04,118,3.640604,2.500000,90.000000,90.000000,90.000000,2619207,0.102707,0.800000,8,1,46656,0,46144,216000,128,72,0.052282,0.003253,10,0.500000,12
2024-05-13 03:37:05,119,3.640604,2.500000,90.000000,90.000000,90.000000,2619207,0.102707,0.800000,8,1,46656,0,46144,216000,128,72,0.052282,0.003253,10,0.500000,12
2024-05-13 03:37:05,120,3.640604,2.500000,90.000000,90.000000,90.000000,2619207,0.102707,0.800000,8,1,46656,0,46144,216000,128,72,0.052282,0.003253,10,0.500000,12
2024-05-13 03:37:08,121,3.640604,2.500000,90.000000,90.000000,90.000000,2619207,0.102707,0.800000,8,1,46656,0,46144,216000,128,72,0.052282,0.003253,10,0.500000,12
2024-05-13 03:37:09,122,3.640604,2.500000,90.000000,90.000000,90.000000,2619207,0.102707,0.800000,8,1,46656,0,46144,216000,128,72,0.052282,0.003253,10,0.500000,12
2024-05-13 03:37:09,123,3.640604,2.500000,90.000000,90.000000,90.000000,2619207,0.102707,0.800000,8,1,46656,0,46144,216000,128,72,0.052282,0.003253,10,0.500000,12
2024-05-13 03:37:14,124,3.640604,2.500000,90.000000,90.000000,90.000000,2619207,0.102707,0.800000,8,1,46656,0,46144,216000,128,72,0.052282,0.003253,10,0.500000,12
2024-05-13 03:37:14,125,3.640604,2.500000,90.000000,90.000000,90.000000,2619207,0.102707,0.800000,8,1,46656,0,46144,216000,128,72,0.052282,0.003253,10,0.500000,12
2024-05-13 03:37:15,126,3.640604,2.500000,90.000000,90.000000,90.000000,2619207,0.102707,0.800000,8,1,46656,0,46144,216000,128,72,0.052282,0.003253,10,0.500000,12
2024-05-13 03:37:17,127,3.640604,2.500000,90.000000,90.000000,90.000000,2619207,0.102707,0.800000,8,1,46656,0,46144,216000,128,72,0.052282,0.003253,10,0.500000,12
2024-05-13 03:37:18,128,3.640604,2.500000,90.000000,90.000000,90.000000,2619207,0.102707,0.800000,8,1,46656,0,46144,216000,128,72,0.052282,0.003253,10,0.500000,12
2024-05-13 03:37:18,129,3.640604,2.500000,90.000000,90.000000,90.000000,2619207,0.102707,0.800000,8,1,46656,0,46144,216000,128,72,0.052282,0.003253,10,0.500000,12
2024-05-13 03:37:23,130,3.640604,2.500000,90.000000,90.000000,90.000000,2619207,0.102707,0.800000,8,1,46656,0,46144,216000,128,72,0.052282,0.003253,10,0.500000,12
2024-05-13 03:37:24,131,3.640604,2.500000,90.000000,90.000000,90.000000,2619207,0.102707,0.800000,8,1,46656,0,46144,216000,128,72,0.052282,0.003253,10,0.500000,12
2024-05-13 03:37:25,132,3.640604,2.500000,90.000000,90.000000,90.000000,2619207,0.102707,0.800000,8,1,46656,0,46144,216000,128,72,0.052282,0.003253,10,0.500000,12
2024-05-13 03:37:28,133,3.640604,2.500000,90.000000,90.000000,90.000000,2619207,0.102707,0.800000,8,1,46656,0,46144,216000,128,72,0.052282,0.003253,10,0.500000,12
2024-05-13 03:37:28,134,3.640604,2.500000,90.000000,90.000000,90.000000,2619207,0.102707,0.800000,8,1,46656,0,46144,216000,128,72,0.052282,0.003253,10,0.500000,12
2024-05-13 03:37:29,135,3.640604,2.500000,90.000000,90.000000,90.000000,2619207,0.102707,0.800000,8,1,46656,0,46144,216000,128,72,0.052282,0.003253,10,0.500000,12
2024-05-13 03:37:34,136,3.640604,2.500000,90.000000,90.000000,90.000000,2619207,0.102707,0.800000,8,1,46656,0,46144,216000,128,72,0.052282,0.003253,10,0.500000,12
2024-05-13 03:37:34,137,3.640604,2.500000,90.000000,90.000000,90.000000,2619207,0.102707,0.800000,8,1,46656,0,46144,216000,128,72,0.052282,0.003253,10,0.500000,12
2024-05-13 03:37:35,138,3.640604,2.500000,90.000000,90.000000,90.000000,2619207,0.102707,0.800000,8,1,46656,0,46144,216000,128,72,0.052282,0.003253,10,0.500000,12
2024-05-13 03:37:37,139,3.640604,2.500000,90.000000,90.000000,90.000000,2619207,0.102707,0.800000,8,1,46656,0,46144,216000,128,72,0.052282,0.003253,10,0.500000,12
2024-05-13 03:37:38,140,3.640604,2.500000,90.000000,90.000000,90.000000,2619207,0.102707,0.800000,8,1,46656,0,46144,216000,128,72,0.052282,0.003253,10,0.500000,12
2024-05-13 03:37:38,141,3.640604,2.500000,90.000000,90.000000,90.000000,2619207,0.102707,0.800000,8,1,46656,0,46144,216000,128,72,0.052282,0.003253,10,0.500000,12
2024-05-13 03:37:43,142,3.640604,2.500000,90.000000,90.000000,90.000000,2619207,0.102707,0.800000,8,1,46656,0,46144,216000,128,72,0.052282,0.003253,10,0.500000,12
2024-05-13 03:37:44,143,3.640604,2.500000,90.000000,90.000000,90.000000,2619207,0.102707,0.800000,8,1,46656,0,46144,216000,128,72,0.052282,0.003253,10,0.500000,12
2024-05-13 03:37:44,144,3.640604,2.500000,90.000000,90.000000,90.000000,2619207,0.102707,0.800000,8,1,46656,0,46144,216000,128,72,0.052282,0.003253,10,0.500000,12
2024-05-13 03:37:47,145,3.640604,2.500000,90.000000,90.000000,90.000000,2619207,0.102707,0.800000,8,1,46656,0,46144,216000,128,72,0.052282,0.003253,10,0.500000,12
2024-05-13 03:37:48,146,3.640604,2.500000,90.000000,90.000000,90.000000,2619207,0.102707,0.800000,8,1,46656,0,46144,216000,128,72,0.052282,0.003253,10,0.500000,12
2024-05-13 03:37:48,147,3.640604,2.500000,90.000000,90.000000,90.000000,2619207,0.102707,0.800000,8,1,46656,0,46144,216000,128,72,0.052282,0.003253,10,0.500000,12
2024-05-13 03:37:53,148,3.640604,2.500000,90.000000,90.000000,90.000000,2619207,0.102707,0.800000,8,1,46656,0,46144,216000,128,72,0.052282,0.003253,10,0.500000,12
2024-05-13 03:37:53,149,3.640604,2.500000,90.000000,90.000000,90.000000,2619207,0.102707,0.800000,8,1,46656,0,46144,216000,128,72,0.052282,0.003253,10,0.500000,12
2024-05-13 03:37:54,150,3.640604,2.500000,90.000000,90.000000,90.000000,2619207,0.102707,0.800000,8,1,46656,0,46144,216000,128,72,0.052282,0.003253,10,0.500000,12
2024-05-13 03:37:57,151,3.640604,2.500000,90.000000,90.000000,90.000000,2619207,0.102707,0.800000,8,1,46656,0,46144,216000,128,72,0.052282,0.003253,10,0.500000,12
2024-05-13 03:37:57,152,3.640604,2.500000,90.000000,90.000000,90.000000,2619207,0.102707,0.800000,8,1,46656,0,46144,216000,128,72,0.052282,0.003253,10,0.500000,12
2024-05-13 03:37:58,153,3.640604,2.500000,90.000000,90.000000,90.000000,2619207,0.102707,0.800000,8,1,46656,0,46144,216000,128,72,0.052282,0.003253,10,0.500000,12
2024-05-13 03:38:03,154,3.640604,2.500000,90.000000,90.000000,90.000000,2619207,0.102707,0.800000,8,1,46656,0,46144,216000,128,72,0.052282,0.003253,10,0.500000,12
2024-05-13 03:38:04,155,3.640604,2.500000,90.000000,90.000000,90.000000,2619207,0.102707,0.800000,8,1,46656,0,46144,216000,128,72,0.052282,0.003253,10,0.500000,12
2024-05-13 03:38:04,156,3.640604,2.500000,90.000000,90.000000,90.000000,2619207,0.102707,0.800000,8,1,46656,0,46144,216000,128,72,0.052282,0.003253,10,0.500000,12
2024-05-13 03:38:07,157,3.640604,2.500000,90.000000,90.000000,90.000000,2619207,0.102707,0.800000,8,1,46656,0,46144,216000,128,72,0.052282,0.003253,10,0.500000,12
2024-05-13 03:38:08,158,3.640604,2.500000,90.000000,90.000000,90.000000,2619207,0.102707,0.800000,8,1,46656,0,46144,216000,128,72,0.052282,0.003253,10,0.500000,12
2024-05-13 03:38:08,159,3.640604,2.500000,90.000000,90.000000,90.000000,2619207,0.102707,0.800000,8,1,46656,0,46144,216000,128,72,0.052282,0.003253,10,0.500000,12
2024-05-13 03:38:13,160,3.640604,2.500000,90.000000,90.000000,90.000000,2619207,0.102707,0.800000,8,1,46656,0,46144,216000,128,72,0.052282,0.003253,10,0.500000,12
2024-05-13 03:38:13,161,3.640604,2.500000,90.000000,90.000000,90.000000,2619207,0.102707,0.800000,8,1,46656,0,46144,216000,128,72,0.052282,0.003253,10,0.500000,12
2024-05-13 03:38:14,162,3.640604,2.500000,90.000000,90.000000,90.000000,2619207,0.102707,0.800000,8,1,46656,0,46144,216000,128,72,0.052282,0.003253,10,0.500000,12
2024-05-13 03:38:17,163,3.640604,2.500000,90.000000,90.000000,90.000000,2619207,0.102707,0.800000,8,1,46656,0,46144,216000,128,72,0.052282,0.003253,10,0.500000,12
2024-05-13 03:38:17,164,3.640604,2.500000,90.000000,90.000000,90.000000,2619207,0.102707,0.800000,8,1,46656,0,46144,216000,128,72,0.052282,0.003253,10,0.500000,12
2024-05-13 03:38:17,165,3.640604,2.500000,90.000000,90.000000,90.000000,2619207,0.102707,0.800000,8,1,46656,0,46144,216000,128,72,0.052282,0.003253,10,0.500000,12
2024-05-13 03:38:23,166,3.640604,2.500000,90.000000,90.000000,90.000000,2619207,0.102707,0.800000,8,1,46656,0,46144,216000,128,72,0.052282,0.003253,10,0.500000,12
2024-05-13 03:38:23,167,3.640604,2.500000,90.000000,90.000000,90.000000,2619207,0.102707,0.800000,8,1,46656,0,46144,216000,128,72,0.052282,0.003253,10,0.500000,12
2024-05-13 03:38:24,168,3.640604,2.500000,90.000000,90.000000,90.000000,2619207,0.102707,0.800000,8,1,46656,0,46144,216000,128,72,0.052282,0.003253,10,0.500000,12
2024-05-13 03:38:27,169,3.640604,2.500000,90.000000,90.000000,90.000000,2619207,0.102707,0.800000,8,1,46656,0,46144,216000,128,72,0.052282,0.003253,10,0.500000,12
2024-05-13 03:38:28,170,3.640604,2.500000,90.000000,90.000000,90.000000,2619207,0.102707,0.800000,8,1,46656,0,46144,216000,128,72,0.052282,0.003253,10,0.500000,12
2024-05-13 03:38:28,171,3.640604,2.500000,90.000000,90.000000,90.000000,2619207,0.102707,0.800000,8,1,46656,0,46144,216000,128,72,0.052282,0.003253,10,0.500000,12
2024-05-13 03:38:33,172,3.640604,2.500000,90.000000,90.000000,90.000000,2619207,0.102707,0.800000,8,1,46656,0,46144,216000,128,72,0.052282,0.003253,10,0.500000,12
2024-05-13 03:38:34,173,3.640604,2.500000,90.000000,90.000000,90.000000,2619207,0.102707,0.800000,8,1,46656,0,46144,216000,128,72,0.052282,0.003253,10,0.500000,12
2024-05-13 03:38:34,174,3.640604,2.500000,90.000000,90.000000,90.000000,2619207,0.102707,0.800000,8,1,46656,0,46144,216000,128,72,0.052282,0.003253,10,0.500000,12
2024-05-13 03:38:37,175,3.640604,2.500000,90.000000,90.000000,90.000000,2619207,0.102707,0.800000,8,1,46656,0,46144,216000,128,72,0.052282,0.003253,10,0.500000,12
2024-05-13 03:38:37,176,3.640604,2.500000,90.000000,90.000000,90.000000,2619207,0.102707,0.800000,8,1,46656,0,46144,216000,128,72,0.052282,0.003253,10,0.500000,12
2024-05-13 03:38:38,177,3.640604,2.500000,90.000000,90.000000,90.000000,2619207,0.102707,0.800000,8,1,46656,0,46144,216000,128,72,0.052282,0.003253,10,0.500000,12
2024-05-13 03:38:39,178,3.640604,2.500000,90.000000,90.000000,90.000000,2619207,0.102707,0.800000,8,1,46656,0,46144,216000,128,72,0.052282,0.003253,10,0.500000,12
2024-05-13 03:38:40,179,3.640604,2.500000,90.000000,90.000000,90.000000,2619207,0.102707,0.800000,8,1,46656,0,46144,216000,128,72,0.052282,0.003253,10,0.500000,12
2024-05-13 03:38:40,180,3.640604,2.500000,90.000000,90.000000,90.000000,2619207,0.102707,0.800000,8,1,46656,0,46144,216000,128,72,0.052282,0.003253,10,0.500000,12
2024-05-13 03:38:42,181,3.640604,2.500000,90.000000,90.000000,90.000000,2619207,0.102707,0.800000,8,1,46656,0,46144,216000,128,72,0.052282,0.003253,10,0.500000,12
2024-05-13 03:38:42,182,3.640604,2.500000,90.000000,90.000000,90.000000,2619207,0.102707,0.800000,8,1,46656,0,46144,216000,128,72,0.052282,0.003253,10,0.500000,12
2024-05-13 03:38:43,183,3.640604,2.500000,90.000000,90.000000,90.000000,2619207,0.102707,0.800000,8,1,46656,0,46144,216000,128,72,0.052282,0.003253,10,0.500000,12
2024-05-13 03:38:44,184,3.640604,2.500000,90.000000,90.000000,90.000000,2619207,0.102707,0.800000,8,1,46656,0,46144,216000,128,72,0.052282,0.003253,10,0.500000,12
2024-05-13 03:38:44,185,3.640604,2.500000,90.000000,90.000000,90.000000,2619207,0.102707,0.800000,8,1,46656,0,46144,216000,128,72,0.052282,0.003253,10,0.500000,12
2024-05-13 03:38:45,186,3.640604,2.500000,90.000000,90.000000,90.000000,2619207,0.102707,0.800000,8,1,46656,0,46144,216000,128,72,0.052282,0.003253,10,0.500000,12
2024-05-13 03:38:48,187,3.640604,2.500000,90.000000,90.000000,90.000000,2619207,0.102707,0.800000,8,1,46656,0,46144,216000,128,72,0.052282,0.003253,10,0.500000,12
2024-05-13 03:38:48,188,3.640604,2.500000,90.000000,90.000000,90.000000,2619207,0.102707,0.800000,8,1,46656,0,46144,216000,128,72,0.052282,0.003253,10,0.500000,12
2024-05-13 03:38:49,189,3.640604,2.500000,90.000000,90.000000,90.000000,2619207,0.102707,0.800000,8,1,46656,0,46144,216000,128,72,0.052282,0.003253,10,0.500000,12
2024-05-13 03:38:49,190,3.640604,2.500000,90.000000,90.000000,90.000000,2619207,0.102707,0.800000,8,1,46656,0,46144,216000,128,72,0.052282,0.003253,10,0.500000,12
2024-05-13 03:38:50,191,3.640604,2.500000,90.000000,90.000000,90.000000,2619207,0.102707,0.800000,8,1,46656,0,46144,216000,128,72,0.052282,0.003253,10,0.500000,12
2024-05-13 03:38:50,192,3.640604,2.500000,90.000000,90.000000,90.000000,2619207,0.102707,0.800000,8,1,46656,0,46144,216000,128,72,0.052282,0.003253,10,0.500000,12
2024-05-13 03:38:51,193,3.640604,2.500000,90.000000,90.000000,90.000000,2619207,0.102707,0.800000,8,1,46656,0,46144,216000,128,72,0.052282,0.003253,10,0.500000,12
2024-05-13 03:38:51,194,3.640604,2.500000,90.000000,90.000000,90.000000,2619207,0.102707,0.800000,8,1,46656,0,46144,216000,128,72,0.052282,0.003253,10,0.500000,12
2024-05-13 03:38:52,195,3.640604,2.500000,90.000000,90.000000,90.000000,2619207,0.102707,0.800000,8,1,46656,0,46144,216000,128,72,0.052282,0.003253,10,0.500000,12
2024-05-13 03:38:55,196,3.640604,2.500000,90.000000,90.000000,90.000000,2619207,0.102707,0.800000,8,1,46656,0,46144,216000,128,72,0.052282,0.003253,10,0.500000,12
2024-05-13 03:38:55,197,3.640604,2.500000,90.000000,90.000000,90.000000,2619207,0.102707,0.800000,8,1,46656,0,46144,216000,128,72,0.052282,0.003253,10,0.500000,12
2024-05-13 03:38:56,198,3.640604,2.500000,90.000000,90.000000,90.000000,2619207,0.102707,0.800000,8,1,46656,0,46144,216000,128,72,0.052282,0.003253,10,0.500000,12
2024-05-13 03:38:58,199,3.640604,2.500000,90.000000,90.000000,90.000000,2619207,0.102707,0.800000,8,1,46656,0,46144,216000,128,72,0.052282,0.003253,10,0.500000,12
2024-05-13 03:38:59,200,3.640604,2.500000,90.000000,90.000000,90.000000,2619207,0.102707,0.800000,8,1,46656,0,46144,216000,128,72,0.052282,0.003253,10,0.500000,12
2024-05-13 03:38:59,201,3.640604,2.500000,90.000000,90.000000,90.000000,2619207,0.102707,0.800000,8,1,46656,0,46144,216000,128,72,0.052282,0.003253,10,0.500000,12
2024-05-13 03:39:00,202,3.640604,2.500000,90.000000,90.000000,90.000000,2619207,0.102707,0.800000,8,1,46656,0,46144,216000,128,72,0.052282,0.003253,10,0.500000,12
2024-05-13 03:39:00,203,3.640604,2.500000,90.000000,90.000000,90.000000,2619207,0.102707,0.800000,8,1,46656,0,46144,216000,128,72,0.052282,0.003253,10,0.500000,12
2024-05-13 03:39:01,204,3.640604,2.500000,90.000000,90.000000,90.000000,2619207,0.102707,0.800000,8,1,46656,0,46144,216000,128,72,0.052282,0.003253,10,0.500000,12
2024-05-13 03:39:02,205,3.640604,2.500000,90.000000,90.000000,90.000000,2619207,0.102707,0.800000,8,1,46656,0,46144,216000,128,72,0.052282,0.003253,10,0.500000,12
2024-05-13 03:39:02,206,3.640604,2.500000,90.000000,90.000000,90.000000,2619207,0.102707,0.800000,8,1,46656,0,46144,216000,128,72,0.052282,0.003253,10,0.500000,12
2024-05-13 03:39:02,207,3.640604,2.500000,90.000000,90.000000,90.000000,2619207,0.102707,0.800000,8,1,46656,0,46144,216000,128,72,0.052282,0.003253,10,0.500000,12
2024-05-13 03:39:06,208,3.640604,2.500000,90.000000,90.000000,90.000000,2619207,0.102707,0.800000,8,1,46656,0,46144,216000,128,72,0.052282,0.003253,10,0.500000,12
2024-05-13 03:39:06,209,3.640604,2.500000,90.000000,90.000000,90.000000,2619207,0.102707,0.800000,8,1,46656,0,46144,216000,128,72,0.052282,0.003253,10,0.500000,12
2024-05-13 03:39:07,210,3.640604,2.500000,90.000000,90.000000,90.000000,2619207,0.102707,0.800000,8,1,46656,0,46144,216000,128,72,0.052282,0.003253,10,0.500000,12
2024-05-13 03:39:09,211,3.640604,2.500000,90.000000,90.000000,90.000000,2619207,0.102707,0.800000,8,1,46656,0,46144,216000,128,72,0.052282,0.003253,10,0.500000,12
2024-05-13 03:39:10,212,3.640604,2.500000,90.000000,90.000000,90.000000,2619207,0.102707,0.800000,8,1,46656,0,46144,216000,128,72,0.052282,0.003253,10,0.500000,12
2024-05-13 03:39:10,213,3.640604,2.500000,90.000000,90.000000,90.000000,2619207,0.102707,0.800000,8,1,46656,0,46144,216000,128,72,0.052282,0.003253,10,0.500000,12
2024-05-13 03:39:11,214,3.640604,2.500000,90.000000,90.000000,90.000000,2619207,0.102707,0.800000,8,1,46656,0,46144,216000,128,72,0.052282,0.003253,10,0.500000,12
2024-05-13 03:39:11,215,3.640604,2.500000,90.000000,90.000000,90.000000,2619207,0.102707,0.800000,8,1,46656,0,46144,216000,128,72,0.052282,0.003253,10,0.500000,12
2024-05-13 03:39:12,216,3.640604,2.500000,90.000000,90.000000,90.000000,2619207,0.102707,0.800000,8,1,46656,0,46144,216000,128,72,0.052282,0.003253,10,0.500000,12
2024-05-13 03:39:12,217,3.640604,2.500000,90.000000,90.000000,90.000000,2619207,0.102707,0.800000,8,1,46656,0,46144,216000,128,72,0.052282,0.003253,10,0.500000,12
2024-05-13 03:39:13,218,3.640604,2.500000,90.000000,90.000000,90.000000,2619207,0.102707,0.800000,8,1,46656,0,46144,216000,128,72,0.052282,0.003253,10,0.500000,12
2024-05-13 03:39:13,219,3.640604,2.500000,90.000000,90.000000,90.000000,2619207,0.102707,0.800000,8,1,46656,0,46144,216000,128,72,0.052282,0.003253,10,0.500000,12
2024-05-13 03:39:16,220,3.640604,2.500000,90.000000,90.000000,90.000000,2619207,0.102707,0.800000,8,1,46656,0,46144,216000,128,72,0.052282,0.003253,10,0.500000,12
2024-05-13 03:39:17,221,3.640604,2.500000,90.000000,90.000000,90.000000,2619207,0.102707,0.800000,8,1,46656,0,46144,216000,128,72,0.052282,0.003253,10,0.500000,12
2024-05-13 03:39:17,222,3.640604,2.500000,90.000000,90.000000,90.000000,2619207,0.102707,0.800000,8,1,46656,0,46144,216000,128,72,0.052282,0.003253,10,0.500000,12
2024-05-13 03:39:20,223,3.640604,2.500000,90.000000,90.000000,90.000000,2619207,0.102707,0.800000,8,1,46656,0,46144,216000,128,72,0.052282,0.003253,10,0.500000,12
2024-05-13 03:39:20,224,3.640604,2.500000,90.000000,90.000000,90.000000,2619207,0.102707,0.800000,8,1,46656,0,46144,216000,128,72,0.052282,0.003253,10,0.500000,12
2024-05-13 03:39:21,225,3.640604,2.500000,90.000000,90.000000,90.000000,2619207,0.102707,0.800000,8,1,46656,0,46144,216000,128,72,0.052282,0.003253,10,0.500000,12
2024-05-13 03:39:22,226,3.640604,2.500000,90.000000,90.000000,90.000000,2619207,0.102707,0.800000,8,1,46656,0,46144,216000,128,72,0.052282,0.003253,10,0.500000,12
2024-05-13 03:39:23,227,3.640604,2.500000,90.000000,90.000000,90.000000,2619207,0.102707,0.800000,8,1,46656,0,46144,216000,128,72,0.052282,0.003253,10,0.500000,12
2024-05-13 03:39:23,228,3.640604,2.500000,90.000000,90.000000,90.000000,2619207,0.102707,0.800000,8,1,46656,0,46144,216000,128,72,0.052282,0.003253,10,0.500000,12
2024-05-13 03:39:24,229,3.640604,2.500000,90.000000,90.000000,90.000000,2619207,0.102707,0.800000,8,1,46656,0,46144,216000,128,72,0.052282,0.003253,10,0.500000,12
2024-05-13 03:39:24,230,3.640604,2.500000,90.000000,90.000000,90.000000,2619207,0.102707,0.800000,8,1,46656,0,46144,216000,128,72,0.052282,0.003253,10,0.500000,12
2024-05-13 03:39:24,231,3.640604,2.500000,90.000000,90.000000,90.000000,2619207,0.102707,0.800000,8,1,46656,0,46144,216000,128,72,0.052282,0.003253,10,0.500000,12
2024-05-13 03:39:27,232,3.640604,2.500000,90.000000,90.000000,90.000000,2619207,0.102707,0.800000,8,1,46656,0,46144,216000,128,72,0.052282,0.003253,10,0.500000,12
2024-05-13 03:39:28,233,3.640604,2.500000,90.000000,90.000000,90.000000,2619207,0.102707,0.800000,8,1,46656,0,46144,216000,128,72,0.052282,0.003253,10,0.500000,12
2024-05-13 03:39:28,234,3.640604,2.500000,90.000000,90.000000,90.000000,2619207,0.102707,0.800000,8,1,46656,0,46144,216000,128,72,0.052282,0.003253,10,0.500000,12
2024-05-13 03:39:31,235,3.640604,2.500000,90.000000,90.000000,90.000000,2619207,0.102707,0.800000,8,1,46656,0,46144,216000,128,72,0.052282,0.003253,10,0.500000,12
2024-05-13 03:39:31,236,3.640604,2.500000,90.000000,90.000000,90.000000,2619207,0.102707,0.800000,8,1,46656,0,46144,216000,128,72,0.052282,0.003253,10,0.500000,12
2024-05-13 03:39:32,237,3.640604,2.500000,90.000000,90.000000,90.000000,2619207,0.102707,0.800000,8,1,46656,0,46144,216000,128,72,0.052282,0.003253,10,0.500000,12
2024-05-13 03:39:33,238,3.640604,2.500000,90.000000,90.000000,90.000000,2619207,0.102707,0.800000,8,1,46656,0,46144,216000,128,72,0.052282,0.003253,10,0.500000,12
2024-05-13 03:39:33,239,3.640604,2.500000,90.000000,90.000000,90.000000,2619207,0.102707,0.800000,8,1,46656,0,46144,216000,128,72,0.052282,0.003253,10,0.500000,12
2024-05-13 03:39:34,240,3.640604,2.500000,90.000000,90.000000,90.000000,2619207,0.102707,0.800000,8,1,46656,0,46144,216000,128,72,0.052282,0.003253,10,0.500000,12
2024-05-13 03:39:34,241,3.640604,2.500000,90.000000,90.000000,90.000000,2619207,0.102707,0.800000,8,1,46656,0,46144,216000,128,72,0.052282,0.003253,10,0.500000,12
2024-05-13 03:39:35,242,3.640604,2.500000,90.000000,90.000000,90.000000,2619207,0.102707,0.800000,8,1,46656,0,46144,216000,128,72,0.052282,0.003253,10,0.500000,12
2024-05-13 03:39:35,243,3.640604,2.500000,90.000000,90.000000,90.000000,2619207,0.102707,0.800000,8,1,46656,0,46144,216000,128,72,0.052282,0.003253,10,0.500000,12
2024-05-13 03:39:38,244,3.640604,2.500000,90.000000,90.000000,90.000000,2619207,0.102707,0.800000,8,1,46656,0,46144,216000,128,72,0.052282,0.003253,10,0.500000,12
2024-05-13 03:39:38,245,3.640604,2.500000,90.000000,90.000000,90.000000,2619207,0.102707,0.800000,8,1,46656,0,46144,216000,128,72,0.052282,0.003253,10,0.500000,12
2024-05-13 03:39:39,246,3.640604,2.500000,90.000000,90.000000,90.000000,2619207,0.102707,0.800000,8,1,46656,0,46144,216000,128,72,0.052282,0.003253,10,0.500000,12
2024-05-13 03:39:41,247,3.640604,2.500000,90.000000,90.000000,90.000000,2619207,0.102707,0.800000,8,1,46656,0,46144,216000,128,72,0.052282,0.003253,10,0.500000,12
2024-05-13 03:39:41,248,3.640604,2.500000,90.000000,90.000000,90.000000,2619207,0.102707,0.800000,8,1,46656,0,46144,216000,128,72,0.052282,0.003253,10,0.500000,12
2024-05-13 03:39:42,249,3.640604,2.500000,90.000000,90.000000,90.000000,2619207,0.102707,0.800000,8,1,46656,0,46144,216000,128,72,0.052282,0.003253,10,0.500000,12
2024-05-13 03:39:43,250,3.640604,2.500000,90.000000,90.000000,90.000000,2619207,0.102707,0.800000,8,1,46656,0,46144,216000,128,72,0.052282,0.003253,10,0.500000,12
2024-05-13 03:39:43,251,3.640604,2.500000,90.000000,90.000000,90.000000,2619207,0.102707,0.800000,8,1,46656,0,46144,216000,128,72,0.052282,0.003253,10,0.500000,12
2024-05-13 03:39:44,252,3.640604,2.500000,90.000000,90.000000,90.000000,2619207,0.102707,0.800000,8,1,46656,0,46144,216000,128,72,0.052282,0.003253,10,0.500000,12
2024-05-13 03:39:44,253,3.640604,2.500000,90.000000,90.000000,90.000000,2619207,0.102707,0.800000,8,1,46656,0,46144,216000,128,72,0.052282,0.003253,10,0.500000,12
2024-05-13 03:39:45,254,3.640604,2.500000,90.000000,90.000000,90.000000,2619207,0.102707,0.800000,8,1,46656,0,46144,216000,128,72,0.052282,0.003253,10,0.500000,12
2024-05-13 03:39:45,255,3.640604,2.500000,90.000000,90.000000,90.000000,2619207,0.102707,0.800000,8,1,46656,0,46144,216000,128,72,0.052282,0.003253,10,0.500000,12
2024-05-13 03:39:48,256,3.640604,2.500000,90.000000,90.000000,90.000000,2619207,0.102707,0.800000,8,1,46656,0,46144,216000,128,72,0.052282,0.003253,10,0.500000,12
2024-05-13 03:39:49,257,3.640604,2.500000,90.000000,90.000000,90.000000,2619207,0.102707,0.800000,8,1,46656,0,46144,216000,128,72,0.052282,0.003253,10,0.500000,12
2024-05-13 03:39:49,258,3.640604,2.500000,90.000000,90.000000,90.000000,2619207,0.102707,0.800000,8,1,46656,0,46144,216000,128,72,0.052282,0.003253,10,0.500000,12
2024-05-13 03:39:51,259,3.640604,2.500000,90.000000,90.000000,90.000000,2619207,0.102707,0.800000,8,1,46656,0,46144,216000,128,72,0.052282,0.003253,10,0.500000,12
2024-05-13 03:39:52,260,3.640604,2.500000,90.000000,90.000000,90.000000,2619207,0.102707,0.800000,8,1,46656,0,46144,216000,128,72,0.052282,0.003253,10,0.500000,12
2024-05-13 03:39:53,261,3.640604,2.500000,90.000000,90.000000,90.000000,2619207,0.102707,0.800000,8,1,46656,0,46144,216000,128,72,0.052282,0.003253,10,0.500000,12
2024-05-13 03:39:55,262,3.640604,2.500000,90.000000,90.000000,90.000000,2619207,0.102707,0.800000,8,1,46656,0,46144,216000,128,72,0.052282,0.003253,10,0.500000,12
2024-05-13 03:39:56,263,3.640604,2.500000,90.000000,90.000000,90.000000,2619207,0.102707,0.800000,8,1,46656,0,46144,216000,128,72,0.052282,0.003253,10,0.500000,12
2024-05-13 03:39:56,264,3.640604,2.500000,90.000000,90.000000,90.000000,2619207,0.102707,0.800000,8,1,46656,0,46144,216000,128,72,0.052282,0.003253,10,0.500000,12
2024-05-13 03:40:05,265,3.640604,2.500000,90.000000,90.000000,90.000000,2619207,0.102707,0.800000,8,1,46656,0,46144,216000,128,72,0.052282,0.003253,10,0.500000,12
2024-05-13 03:40:05,266,3.640604,2.500000,90.000000,90.000000,90.000000,2619207,0.102707,0.800000,8,1,46656,0,46144,216000,128,72,0.052282,0.003253,10,0.500000,12
2024-05-13 03:40:06,267,3.640604,2.500000,90.000000,90.000000,90.000000,2619207,0.102707,0.800000,8,1,46656,0,46144,216000,128,72,0.052282,0.003253,10,0.500000,12
2024-05-13 03:40:09,268,3.640604,2.500000,90.000000,90.000000,90.000000,2619207,0.102707,0.800000,8,1,46656,0,46144,216000,128,72,0.052282,0.003253,10,0.500000,12
2024-05-13 03:40:09,269,3.640604,2.500000,90.000000,90.000000,90.000000,2619207,0.102707,0.800000,8,1,46656,0,46144,216000,128,72,0.052282,0.003253,10,0.500000,12
2024-05-13 03:40:10,270,3.640604,2.500000,90.000000,90.000000,90.000000,2619207,0.102707,0.800000,8,1,46656,0,46144,216000,128,72,0.052282,0.003253,10,0.500000,12
2024-05-13 03:40:12,271,3.640604,2.500000,90.000000,90.000000,90.000000,2619207,0.102707,0.800000,8,1,46656,0,46144,216000,128,72,0.052282,0.003253,10,0.500000,12
2024-05-13 03:40:12,272,3.640604,2.500000,90.000000,90.000000,90.000000,2619207,0.102707,0.800000,8,1,46656,0,46144,216000,128,72,0.052282,0.003253,10,0.500000,12
2024-05-13 03:40:12,273,3.640604,2.500000,90.000000,90.000000,90.000000,2619207,0.102707,0.800000,8,1,46656,0,46144,216000,128,72,0.052282,0.003253,10,0.500000,12
2024-05-13 03:40:23,274,3.640604,2.500000,90.000000,90.000000,90.000000,2619207,0.102707,0.800000,8,1,46656,0,46144,216000,128,72,0.052282,0.003253,10,0.500000,12
2024-05-13 03:40:24,275,3.640604,2.500000,90.000000,90.000000,90.000000,2619207,0.102707,0.800000,8,1,46656,0,46144,216000,128,72,0.052282,0.003253,10,0.500000,12
2024-05-13 03:40:25,276,3.640604,2.500000,90.000000,90.000000,90.000000,2619207,0.102707,0.800000,8,1,46656,0,46144,216000,128,72,0.052282,0.003253,10,0.500000,12
2024-05-13 03:40:31,277,3.640604,2.500000,90.000000,90.000000,90.000000,2619207,0.102707,0.800000,8,1,46656,0,46144,216000,128,72,0.052282,0.003253,10,0.500000,12
2024-05-13 03:40:32,278,3.640604,2.500000,90.000000,90.000000,90.000000,2619207,0.102707,0.800000,8,1,46656,0,46144,216000,128,72,0.052282,0.003253,10,0.500000,12
2024-05-13 03:40:33,279,3.640604,2.500000,90.000000,90.000000,90.000000,2619207,0.102707,0.800000,8,1,46656,0,46144,216000,128,72,0.052282,0.003253,10,0.500000,12
2024-05-13 03:40:36,280,3.640604,2.500000,90.000000,90.000000,90.000000,2619207,0.102707,0.800000,8,1,46656,0,46144,216000,128,72,0.052282,0.003253,10,0.500000,12
2024-05-13 03:40:36,281,3.640604,2.500000,90.000000,90.000000,90.000000,2619207,0.102707,0.800000,8,1,46656,0,46144,216000,128,72,0.052282,0.003253,10,0.500000,12
2024-05-13 03:40:37,282,3.640604,2.500000,90.000000,90.000000,90.000000,2619207,0.102707,0.800000,8,1,46656,0,46144,216000,128,72,0.052282,0.003253,10,0.500000,12
2024-05-13 03:40:39,283,3.640604,2.500000,90.000000,90.000000,90.000000,2619207,0.102707,0.800000,8,1,46656,0,46144,216000,128,72,0.052282,0.003253,10,0.500000,12
2024-05-13 03:40:40,284,3.640604,2.500000,90.000000,90.000000,90.000000,2619207,0.102707,0.800000,8,1,46656,0,46144,216000,128,72,0.052282,0.003253,10,0.500000,12
2024-05-13 03:40:40,285,3.640604,2.500000,90.000000,90.000000,90.000000,2619207,0.102707,0.800000,8,1,46656,0,46144,216000,128,72,0.052282,0.003253,10,0.500000,12
2024-05-13 03:40:53,286,3.640604,2.500000,90.000000,90.000000,90.000000,2619207,0.102707,0.800000,8,1,46656,0,46144,216000,128,72,0.052282,0.003253,10,0.500000,12
2024-05-13 03:40:53,287,3.640604,2.500000,90.000000,90.000000,90.000000,2619207,0.102707,0.800000,8,1,46656,0,46144,216000,128,72,0.052282,0.003253,10,0.500000,12
2024-05-13 03:40:54,288,3.640604,2.500000,90.000000,90.000000,90.000000,2619207,0.102707,0.800000,8,1,46656,0,46144,216000,128,72,0.052282,0.003253,10,0.500000,12
2024-05-13 03:41:02,289,3.640604,2.500000,90.000000,90.000000,90.000000,2619207,0.102707,0.800000,8,1,46656,0,46144,216000,128,72,0.052282,0.003253,10,0.500000,12
2024-05-13 03:41:03,290,3.640604,2.500000,90.000000,90.000000,90.000000,2619207,0.102707,0.800000,8,1,46656,0,46144,216000,128,72,0.052282,0.003253,10,0.500000,12
2024-05-13 03:41:03,291,3.640604,2.500000,90.000000,90.000000,90.000000,2619207,0.102707,0.800000,8,1,46656,0,46144,216000,128,72,0.052282,0.003253,10,0.500000,12
2024-05-13 03:41:06,292,3.640604,2.500000,90.000000,90.000000,90.000000,2619207,0.102707,0.800000,8,1,46656,0,46144,216000,128,72,0.052282,0.003253,10,0.500000,12
2024-05-13 03:41:07,293,3.640604,2.500000,90.000000,90.000000,90.000000,2619207,0.102707,0.800000,8,1,46656,0,46144,216000,128,72,0.052282,0.003253,10,0.500000,12
2024-05-13 03:41:08,294,3.640604,2.500000,90.000000,90.000000,90.000000,2619207,0.102707,0.800000,8,1,46656,0,46144,216000,128,72,0.052282,0.003253,10,0.500000,12
2024-05-13 03:41:10,295,3.640604,2.500000,90.000000,90.000000,90.000000,2619207,0.102707,0.800000,8,1,46656,0,46144,216000,128,72,0.052282,0.003253,10,0.500000,12
2024-05-13 03:41:11,296,3.640604,2.500000,90.000000,90.000000,90.000000,2619207,0.102707,0.800000,8,1,46656,0,46144,216000,128,72,0.052282,0.003253,10,0.500000,12
2024-05-13 03:41:11,297,3.640604,2.500000,90.000000,90.000000,90.000000,2619207,0.102707,0.800000,8,1,46656,0,46144,216000,128,72,0.052282,0.003253,10,0.500000,12
2024-05-13 03:41:24,298,3.640604,2.500000,90.000000,90.000000,90.000000,2619207,0.102707,0.800000,8,1,46656,0,46144,216000,128,72,0.052282,0.003253,10,0.500000,12
2024-05-13 03:41:25,299,3.640604,2.500000,90.000000,90.000000,90.000000,2619207,0.102707,0.800000,8,1,46656,0,46144,216000,128,72,0.052282,0.003253,10,0.500000,12
2024-05-13 03:41:26,300,3.640604,2.500000,90.000000,90.000000,90.000000,2619207,0.102707,0.800000,8,1,46656,0,46144,216000,128,72,0.052282,0.003253,10,0.500000,12
2024-05-13 03:41:34,301,3.640604,2.500000,90.000000,90.000000,90.000000,2619207,0.102707,0.800000,8,1,46656,0,46144,216000,128,72,0.052282,0.003253,10,0.500000,12
2024-05-13 03:41:34,302,3.640604,2.500000,90.000000,90.000000,90.000000,2619207,0.102707,0.800000,8,1,46656,0,46144,216000,128,72,0.052282,0.003253,10,0.500000,12
2024-05-13 03:41:35,303,3.640604,2.500000,90.000000,90.000000,90.000000,2619207,0.102707,0.800000,8,1,46656,0,46144,216000,128,72,0.052282,0.003253,10,0.500000,12
2024-05-13 03:41:39,304,3.640604,2.500000,90.000000,90.000000,90.000000,2619207,0.102707,0.800000,8,1,46656,0,46144,216000,128,72,0.052282,0.003253,10,0.500000,12
2024-05-13 03:41:39,305,3.640604,2.500000,90.000000,90.000000,90.000000,2619207,0.102707,0.800000,8,1,46656,0,46144,216000,128,72,0.052282,0.003253,10,0.500000,12
2024-05-13 03:41:40,306,3.640604,2.500000,90.000000,90.000000,90.000000,2619207,0.102707,0.800000,8,1,46656,0,46144,216000,128,72,0.052282,0.003253,10,0.500000,12
2024-05-13 03:41:42,307,3.640604,2.500000,90.000000,90.000000,90.000000,2619207,0.102707,0.800000,8,1,46656,0,46144,216000,128,72,0.052282,0.003253,10,0.500000,12
2024-05-13 03:41:43,308,3.640604,2.500000,90.000000,90.000000,90.000000,2619207,0.102707,0.800000,8,1,46656,0,46144,216000,128,72,0.052282,0.003253,10,0.500000,12
2024-05-13 03:41:43,309,3.640604,2.500000,90.000000,90.000000,90.000000,2619207,0.102707,0.800000,8,1,46656,0,46144,216000,128,72,0.052282,0.003253,10,0.500000,12
2024-05-13 03:41:56,310,3.640604,2.500000,90.000000,90.000000,90.000000,2619207,0.102707,0.800000,8,1,46656,0,46144,216000,128,72,0.052282,0.003253,10,0.500000,12
2024-05-13 03:41:57,311,3.640604,2.500000,90.000000,90.000000,90.000000,2619207,0.102707,0.800000,8,1,46656,0,46144,216000,128,72,0.052282,0.003253,10,0.500000,12
2024-05-13 03:41:58,312,3.640604,2.500000,90.000000,90.000000,90.000000,2619207,0.102707,0.800000,8,1,46656,0,46144,216000,128,72,0.052282,0.003253,10,0.500000,12
2024-05-13 03:42:06,313,3.640604,2.500000,90.000000,90.000000,90.000000,2619207,0.102707,0.800000,8,1,46656,0,46144,216000,128,72,0.052282,0.003253,10,0.500000,12
2024-05-13 03:42:06,314,3.640604,2.500000,90.000000,90.000000,90.000000,2619207,0.102707,0.800000,8,1,46656,0,46144,216000,128,72,0.052282,0.003253,10,0.500000,12
2024-05-13 03:42:07,315,3.640604,2.500000,90.000000,90.000000,90.000000,2619207,0.102707,0.800000,8,1,46656,0,46144,216000,128,72,0.052282,0.003253,10,0.500000,12
2024-05-13 03:42:10,316,3.640604,2.500000,90.000000,90.000000,90.000000,2619207,0.102707,0.800000,8,1,46656,0,46144,216000,128,72,0.052282,0.003253,10,0.500000,12
2024-05-13 03:42:11,317,3.640604,2.500000,90.000000,90.000000,90.000000,2619207,0.102707,0.800000,8,1,46656,0,46144,216000,128,72,0.052282,0.003253,10,0.500000,12
2024-05-13 03:42:11,318,3.640604,2.500000,90.000000,90.000000,90.000000,2619207,0.102707,0.800000,8,1,46656,0,46144,216000,128,72,0.052282,0.003253,10,0.500000,12
2024-05-13 03:42:14,319,3.640604,2.500000,90.000000,90.000000,90.000000,2619207,0.102707,0.800000,8,1,46656,0,46144,216000,128,72,0.052282,0.003253,10,0.500000,12
2024-05-13 03:42:14,320,3.640604,2.500000,90.000000,90.000000,90.000000,2619207,0.102707,0.800000,8,1,46656,0,46144,216000,128,72,0.052282,0.003253,10,0.500000,12
2024-05-13 03:42:15,321,3.640604,2.500000,90.000000,90.000000,90.000000,2619207,0.102707,0.800000,8,1,46656,0,46144,216000,128,72,0.052282,0.003253,10,0.500000,12
2024-05-13 03:42:28,322,3.640604,2.500000,90.000000,90.000000,90.000000,2619207,0.102707,0.800000,8,1,46656,0,46144,216000,128,72,0.052282,0.003253,10,0.500000,12
2024-05-13 03:42:28,323,3.640604,2.500000,90.000000,90.000000,90.000000,2619207,0.102707,0.800000,8,1,46656,0,46144,216000,128,72,0.052282,0.003253,10,0.500000,12
2024-05-13 03:42:29,324,3.640604,2.500000,90.000000,90.000000,90.000000,2619207,0.102707,0.800000,8,1,46656,0,46144,216000,128,72,0.052282,0.003253,10,0.500000,12
2024-05-13 03:42:37,325,3.640604,2.500000,90.000000,90.000000,90.000000,2619207,0.102707,0.800000,8,1,46656,0,46144,216000,128,72,0.052282,0.003253,10,0.500000,12
2024-05-13 03:42:38,326,3.640604,2.500000,90.000000,90.000000,90.000000,2619207,0.102707,0.800000,8,1,46656,0,46144,216000,128,72,0.052282,0.003253,10,0.500000,12
2024-05-13 03:42:40,327,3.640604,2.500000,90.000000,90.000000,90.000000,2619207,0.102707,0.800000,8,1,46656,0,46144,216000,128,72,0.052282,0.003253,10,0.500000,12
2024-05-13 03:42:41,328,3.640604,2.500000,90.000000,90.000000,90.000000,2619207,0.102642,0.800000,8,1,46656,0,46144,216000,128,72,0.052282,0.003253,10,0.500000,12
2024-05-13 03:42:41,329,3.640604,2.500000,90.000000,90.000000,90.000000,2619207,0.102068,0.800000,8,1,46656,0,46144,216000,128,72,0.052282,0.003253,10,0.500000,12
2024-05-13 03:42:42,330,3.640604,2.500000,90.000000,90.000000,90.000000,2619207,0.101216,0.800000,8,1,46656,0,46144,216000,128,72,0.052282,0.003253,10,0.500000,12
2024-05-13 03:42:42,331,3.640604,2.500000,90.000000,90.000000,90.000000,2619207,0.100391,0.800000,8,1,46656,0,46144,216000,128,72,0.052282,0.003253,10,0.500000,12
2024-05-13 03:42:43,332,3.640604,2.500000,90.000000,90.000000,90.000000,2619207,0.099557,0.800000,8,1,46656,0,46144,216000,128,72,0.052282,0.003253,10,0.500000,12
2024-05-13 03:42:43,333,3.640604,2.500000,90.000000,90.000000,90.000000,2619207,0.098807,0.800000,8,1,46656,0,46144,216000,128,72,0.052282,0.003253,10,0.500000,12
2024-05-13 03:42:44,334,3.640604,2.500000,90.000000,90.000000,90.000000,2619207,0.098077,0.800000,8,1,46656,0,46144,216000,128,72,0.052282,0.003253,10,0.500000,12
2024-05-13 03:42:45,335,3.640604,2.500000,90.000000,90.000000,90.000000,2619207,0.097528,0.800000,8,1,46656,0,46144,216000,128,72,0.052282,0.003253,10,0.500000,12
2024-05-13 03:42:45,336,3.640604,2.500000,90.000000,90.000000,90.000000,2619207,0.097003,0.800000,8,1,46656,0,46144,216000,128,72,0.052282,0.003253,10,0.500000,12
2024-05-13 03:42:46,337,3.640604,2.500000,90.000000,90.000000,90.000000,2619207,0.096615,0.800000,8,1,46656,0,46144,216000,128,72,0.052282,0.003253,10,0.500000,12
2024-05-13 03:42:46,338,3.640604,2.500000,90.000000,90.000000,90.000000,2619207,0.096302,0.800000,8,1,46656,0,46144,216000,128,72,0.052282,0.003253,10,0.500000,12
2024-05-13 03:42:47,339,3.640604,2.500000,90.000000,90.000000,90.000000,2619207,0.096018,0.800000,8,1,46656,0,46144,216000,128,72,0.052282,0.003253,10,0.500000,12
2024-05-13 03:42:47,340,3.640604,2.500000,90.000000,90.000000,90.000000,2619207,0.095775,0.800000,8,1,46656,0,46144,216000,128,72,0.052282,0.003253,10,0.500000,12
2024-05-13 03:42:48,341,3.640604,2.500000,90.000000,90.000000,90.000000,2619207,0.095558,0.800000,8,1,46656,0,46144,216000,128,72,0.052282,0.003253,10,0.500000,12
2024-05-13 03:42:48,342,3.640604,2.500000,90.000000,90.000000,90.000000,2619207,0.095385,0.800000,8,1,46656,0,46144,216000,128,72,0.052282,0.003253,10,0.500000,12
2024-05-13 03:42:49,343,3.640604,2.500000,90.000000,90.000000,90.000000,2619207,0.095211,0.800000,8,1,46656,0,46144,216000,128,72,0.052282,0.003253,10,0.500000,12
2024-05-13 03:42:49,344,3.640604,2.500000,90.000000,90.000000,90.000000,2619207,0.095043,0.800000,8,1,46656,0,46144,216000,128,72,0.052282,0.003253,10,0.500000,12
2024-05-13 03:42:50,345,3.640604,2.500000,90.000000,90.000000,90.000000,2619207,0.094889,0.800000,8,1,46656,0,46144,216000,128,72,0.052282,0.003253,10,0.500000,12
2024-05-13 03:42:51,346,3.640604,2.500000,90.000000,90.000000,90.000000,2619207,0.094691,0.800000,8,1,46656,0,46144,216000,128,72,0.052282,0.003253,10,0.500000,12
2024-05-13 03:42:51,347,3.640604,2.500000,90.000000,90.000000,90.000000,2619207,0.094465,0.800000,8,1,46656,0,46144,216000,128,72,0.052282,0.003253,10,0.500000,12
2024-05-13 03:42:52,348,3.640604,2.500000,90.000000,90.000000,90.000000,2619207,0.094236,0.800000,8,1,46656,0,46144,216000,128,72,0.052282,0.003253,10,0.500000,12
2024-05-13 03:42:52,349,3.640604,2.500000,90.000000,90.000000,90.000000,2619207,0.094031,0.800000,8,1,46656,0,46144,216000,128,72,0.052282,0.003253,10,0.500000,12
2024-05-13 03:42:53,350,3.640604,2.500000,90.000000,90.000000,90.000000,2619207,0.093789,0.800000,8,1,46656,0,46144,216000,128,72,0.052282,0.003253,10,0.500000,12
2024-05-13 03:42:53,351,3.640604,2.500000,90.000000,90.000000,90.000000,2619207,0.093540,0.800000,8,1,46656,0,46144,216000,128,72,0.052282,0.003253,10,0.500000,12
2024-05-13 03:42:54,352,3.640604,2.500000,90.000000,90.000000,90.000000,2619207,0.093198,0.800000,8,1,46656,0,46144,216000,128,72,0.052282,0.003253,10,0.500000,12
2024-05-13 03:42:54,353,3.640604,2.500000,90.000000,90.000000,90.000000,2619198,0.092859,0.800000,8,1,46656,0,46144,216000,128,72,0.052282,0.003253,10,0.500000,12
2024-05-13 03:42:55,354,3.640604,2.500000,90.000000,90.000000,90.000000,2619169,0.092527,0.800000,8,1,46656,0,46144,216000,128,72,0.052282,0.003253,10,0.500000,12
2024-05-13 03:42:56,355,3.640604,2.500000,90.000000,90.000000,90.000000,2619148,0.092151,0.800000,8,1,46656,0,46144,216000,128,72,0.052282,0.003253,10,0.500000,12
2024-05-13 03:42:56,356,3.640604,2.500000,90.000000,90.000000,90.000000,2619060,0.091790,0.800000,8,1,46656,0,46144,216000,128,72,0.052282,0.003253,10,0.500000,12
2024-05-13 03:42:57,357,3.640604,2.500000,90.000000,90.000000,90.000000,2618972,0.091430,0.800000,8,1,46656,0,46144,216000,128,72,0.052282,0.003253,10,0.500000,12
2024-05-13 03:42:58,358,3.640604,2.500000,90.000000,90.000000,90.000000,2618772,0.091104,0.800000,8,1,46656,0,46144,216000,128,72,0.052282,0.003252,10,0.500000,12
2024-05-13 03:42:58,359,3.640604,2.500000,90.000000,90.000000,90.000000,2618617,0.090712,0.800000,8,1,46656,0,46144,216000,128,72,0.052282,0.003252,10,0.500000,12
2024-05-13 03:42:59,360,3.640604,2.500000,90.000000,90.000000,90.000000,2618420,0.090342,0.800000,8,1,46656,0,46144,216000,128,72,0.052282,0.003251,10,0.500000,12
2024-05-13 03:42:59,361,3.640604,2.500000,90.000000,90.000000,90.000000,2618043,0.089953,0.800000,8,1,46656,0,46144,216000,128,72,0.052282,0.003250,10,0.500000,12
2024-05-13 03:43:00,362,3.640604,2.500000,90.000000,90.000000,90.000000,2617587,0.089582,0.800000,8,1,46656,0,46144,216000,128,72,0.052282,0.003249,10,0.500000,12
2024-05-13 03:43:00,363,3.640604,2.500000,90.000000,90.000000,90.000000,2617068,0.089264,0.800000,8,1,46656,0,46144,216000,128,72,0.052282,0.003248,10,0.500000,12
2024-05-13 03:43:01,364,3.640604,2.500000,90.000000,90.000000,90.000000,2616432,0.088919,0.800000,8,1,46656,0,46144,216000,128,72,0.052282,0.003246,10,0.500000,12
2024-05-13 03:43:01,365,3.640604,2.500000,90.000000,90.000000,90.000000,2615704,0.088556,0.800000,8,1,46656,0,46144,216000,128,72,0.052282,0.003244,10,0.500000,12
2024-05-13 03:43:02,366,3.640604,2.500000,90.000000,90.000000,90.000000,2614817,0.088228,0.800000,8,1,46656,0,46144,216000,128,72,0.052282,0.003242,10,0.500000,12
2024-05-13 03:43:02,367,3.640604,2.500000,90.000000,90.000000,90.000000,2613595,0.087837,0.800000,8,1,46656,0,46144,216000,128,72,0.052282,0.003239,10,0.500000,12
2024-05-13 03:43:03,368,3.640604,2.500000,90.000000,90.000000,90.000000,2612168,0.087503,0.800000,8,1,46656,0,46144,216000,128,72,0.052282,0.003235,10,0.500000,12
2024-05-13 03:43:04,369,3.640604,2.500000,90.000000,90.000000,90.000000,2610778,0.087123,0.800000,8,1,46656,0,46144,216000,128,72,0.052282,0.003232,10,0.500000,12
2024-05-13 03:43:04,370,3.640604,2.500000,90.000000,90.000000,90.000000,2609125,0.086768,0.800000,8,1,46656,0,46144,216000,128,72,0.052282,0.003227,10,0.500000,12
2024-05-13 03:43:05,371,3.640604,2.500000,90.000000,90.000000,90.000000,2607284,0.086436,0.800000,8,1,46656,0,46144,216000,128,72,0.052282,0.003223,10,0.500000,12
2024-05-13 03:43:05,372,3.640604,2.500000,90.000000,90.000000,90.000000,2605300,0.086095,0.800000,8,1,46656,0,46144,216000,128,72,0.052282,0.003218,10,0.500000,12
2024-05-13 03:43:06,373,3.640604,2.500000,90.000000,90.000000,90.000000,2602860,0.085772,0.800000,8,1,46656,0,46144,216000,128,72,0.052282,0.003211,10,0.500000,12
2024-05-13 03:43:06,374,3.640604,2.500000,90.000000,90.000000,90.000000,2600312,0.085434,0.800000,8,1,46656,0,46144,216000,128,72,0.052282,0.003205,10,0.500000,12
2024-05-13 03:43:07,375,3.640604,2.500000,90.000000,90.000000,90.000000,2597537,0.085063,0.800000,8,1,46656,0,46144,216000,128,72,0.052282,0.003198,10,0.500000,12
2024-05-13 03:43:07,376,3.640604,2.500000,90.000000,90.000000,90.000000,2594750,0.084733,0.800000,8,1,46656,0,46144,216000,128,72,0.052282,0.003190,10,0.500000,12
2024-05-13 03:43:08,377,3.640604,2.500000,90.000000,90.000000,90.000000,2591749,0.084411,0.800000,8,1,46656,0,46144,216000,128,72,0.052282,0.003183,10,0.500000,12
2024-05-13 03:43:08,378,3.640604,2.500000,90.000000,90.000000,90.000000,2588121,0.084067,0.800000,8,1,46656,0,46144,216000,128,72,0.052282,0.003173,10,0.500000,12
2024-05-13 03:43:09,379,3.640604,2.500000,90.000000,90.000000,90.000000,2584522,0.083724,0.800000,8,1,46656,0,46144,216000,128,72,0.052282,0.003164,10,0.500000,12
2024-05-13 03:43:10,380,3.640604,2.500000,90.000000,90.000000,90.000000,2580797,0.083364,0.800000,8,1,46656,0,46144,216000,128,72,0.052282,0.003154,10,0.500000,12
2024-05-13 03:43:10,381,3.640604,2.500000,90.000000,90.000000,90.000000,2577085,0.083087,0.800000,8,1,46656,0,46144,216000,128,72,0.052282,0.003144,10,0.500000,12
2024-05-13 03:43:11,382,3.640604,2.500000,90.000000,90.000000,90.000000,2573385,0.082803,0.800000,8,1,46656,0,46144,216000,128,72,0.052282,0.003134,10,0.500000,12
2024-05-13 03:43:11,383,3.640604,2.500000,90.000000,90.000000,90.000000,2569133,0.082507,0.800000,8,1,46656,0,46144,216000,128,72,0.052282,0.003123,10,0.500000,12
2024-05-13 03:43:12,384,3.640604,2.500000,90.000000,90.000000,90.000000,2565032,0.082194,0.800000,8,1,46656,0,46144,216000,128,72,0.052282,0.003112,10,0.500000,12
2024-05-13 03:43:12,385,3.640604,2.500000,90.000000,90.000000,90.000000,2561144,0.081912,0.800000,8,1,46656,0,46144,216000,128,72,0.052282,0.003102,10,0.500000,12
2024-05-13 03:43:13,386,3.640604,2.500000,90.000000,90.000000,90.000000,2556959,0.081599,0.800000,8,1,46656,0,46144,216000,128,72,0.052282,0.003091,10,0.500000,12
2024-05-13 03:43:13,387,3.640604,2.500000,90.000000,90.000000,90.000000,2552661,0.081320,0.800000,8,1,46656,0,46144,216000,128,72,0.052282,0.003079,10,0.500000,12
2024-05-13 03:43:14,388,3.640604,2.500000,90.000000,90.000000,90.000000,2548196,0.081051,0.800000,8,1,46656,0,46144,216000,128,72,0.052282,0.003067,10,0.500000,12
2024-05-13 03:43:15,389,3.640604,2.500000,90.000000,90.000000,90.000000,2543337,0.080791,0.770370,8,1,46656,0,46144,216000,128,72,0.052282,0.003054,10,0.500000,12
2024-05-13 03:43:15,390,3.640604,2.500000,90.000000,90.000000,90.000000,2538905,0.080516,0.770370,8,1,46656,0,46144,216000,128,72,0.052282,0.003042,10,0.500000,12
2024-05-13 03:43:16,391,3.640604,2.500000,90.000000,90.000000,90.000000,2534410,0.080284,0.770370,8,1,46656,0,46144,216000,128,72,0.052282,0.003030,10,0.500000,12
2024-05-13 03:43:16,392,3.640604,2.500000,90.000000,90.000000,90.000000,2529644,0.080082,0.770370,8,1,46656,0,46144,216000,128,72,0.052282,0.003017,10,0.500000,12
2024-05-13 03:43:17,393,3.640604,2.500000,90.000000,90.000000,90.000000,2524940,0.079848,0.770370,8,1,46656,0,46144,216000,128,72,0.052282,0.003004,10,0.500000,12
2024-05-13 03:43:18,394,3.640604,2.500000,90.000000,90.000000,90.000000,2520324,0.079545,0.770370,8,1,46656,0,46144,216000,128,72,0.052282,0.002991,10,0.500000,12
2024-05-13 03:43:18,395,3.640604,2.500000,90.000000,90.000000,90.000000,2515164,0.079304,0.770370,8,1,46656,0,46144,216000,128,72,0.052282,0.002977,10,0.500000,12
2024-05-13 03:43:19,396,3.640604,2.500000,90.000000,90.000000,90.000000,2510338,0.079015,0.770370,8,1,46656,0,46144,216000,128,72,0.052282,0.002963,10,0.500000,12
2024-05-13 03:43:19,397,3.640604,2.500000,90.000000,90.000000,90.000000,2505643,0.078781,0.770370,8,1,46656,0,46144,216000,128,72,0.052282,0.002950,10,0.500000,12
2024-05-13 03:43:20,398,3.640604,2.500000,90.000000,90.000000,90.000000,2500855,0.078542,0.770370,9,1,46656,0,46144,216000,128,72,0.052282,0.002937,10,0.500000,12
2024-05-13 03:43:20,399,3.640604,2.500000,90.000000,90.000000,90.000000,2495963,0.078318,0.770370,9,1,46656,0,46144,216000,128,72,0.052282,0.002923,10,0.500000,12
2024-05-13 03:43:21,400,3.640604,2.500000,90.000000,90.000000,90.000000,2491071,0.078092,0.770370,10,1,46656,0,46144,216000,128,72,0.052282,0.002909,10,0.500000,12
2024-05-13 03:43:21,401,3.640604,2.500000,90.000000,90.000000,90.000000,2486906,0.077836,0.770370,10,1,46656,0,46144,216000,128,72,0.052282,0.002897,10,0.500000,12
2024-05-13 03:43:22,402,3.640604,2.500000,90.000000,90.000000,90.000000,2481985,0.077625,0.770370,10,1,46656,0,46144,216000,128,72,0.052282,0.002883,10,0.500000,12
2024-05-13 03:43:22,403,3.640604,2.500000,90.000000,90.000000,90.000000,2477398,0.077428,0.770370,10,1,46656,0,46144,216000,128,72,0.052282,0.002870,10,0.500000,12
2024-05-13 03:43:23,404,3.640604,2.500000,90.000000,90.000000,90.000000,2472506,0.077197,0.770370,9,1,46656,0,46144,216000,128,72,0.052282,0.002855,10,0.500000,12
2024-05-13 03:43:24,405,3.640604,2.500000,90.000000,90.000000,90.000000,2468166,0.077000,0.770370,9,1,46656,0,46144,216000,128,72,0.052282,0.002843,10,0.500000,12
2024-05-13 03:43:24,406,3.640604,2.500000,90.000000,90.000000,90.000000,2463734,0.076755,0.770370,9,1,46656,0,46144,216000,128,72,0.052282,0.002830,10,0.500000,12
2024-05-13 03:43:25,407,3.640604,2.500000,90.000000,90.000000,90.000000,2459248,0.076592,0.770370,9,1,46656,0,46144,216000,128,72,0.052282,0.002817,10,0.500000,12
2024-05-13 03:43:26,408,3.640604,2.500000,90.000000,90.000000,90.000000,2454761,0.076393,0.770370,9,1,46656,0,46144,216000,128,72,0.052282,0.002804,10,0.500000,12
2024-05-13 03:43:26,409,3.640604,2.500000,90.000000,90.000000,90.000000,2450501,0.076208,0.770370,9,1,46656,0,46144,216000,128,72,0.052282,0.002791,10,0.500000,12
2024-05-13 03:43:27,410,3.640604,2.500000,90.000000,90.000000,90.000000,2446408,0.075992,0.770370,9,1,46656,0,46144,216000,128,72,0.052282,0.002779,10,0.500000,12
2024-05-13 03:43:27,411,3.640604,2.500000,90.000000,90.000000,90.000000,2441989,0.075804,0.770370,9,1,46656,0,46144,216000,128,72,0.052282,0.002766,10,0.500000,12
2024-05-13 03:43:28,412,3.640604,2.500000,90.000000,90.000000,90.000000,2438218,0.075598,0.770370,9,1,46656,0,46144,216000,128,72,0.052282,0.002754,10,0.500000,12
2024-05-13 03:43:28,413,3.640604,2.500000,90.000000,90.000000,90.000000,2434247,0.075434,0.770370,9,1,46656,0,46144,216000,128,72,0.052282,0.002742,10,0.500000,12
2024-05-13 03:43:29,414,3.640604,2.500000,90.000000,90.000000,90.000000,2430468,0.075303,0.770370,9,1,46656,0,46144,216000,128,72,0.052282,0.002731,10,0.500000,12
2024-05-13 03:43:29,415,3.640604,2.500000,90.000000,90.000000,90.000000,2426680,0.075158,0.770370,10,1,46656,0,46144,216000,128,72,0.052282,0.002719,10,0.500000,12
2024-05-13 03:43:30,416,3.640604,2.500000,90.000000,90.000000,90.000000,2423018,0.074945,0.770370,10,1,46656,0,46144,216000,128,72,0.052282,0.002708,10,0.500000,12
2024-05-13 03:43:30,417,3.640604,2.500000,90.000000,90.000000,90.000000,2419214,0.074806,0.770370,10,1,46656,0,46144,216000,128,72,0.052282,0.002696,10,0.500000,12
2024-05-13 03:43:31,418,3.640604,2.500000,90.000000,90.000000,90.000000,2415473,0.074617,0.740741,10,1,46656,0,46144,216000,128,72,0.052282,0.002685,10,0.500000,12
2024-05-13 03:43:32,419,3.640604,2.500000,90.000000,90.000000,90.000000,2411664,0.074461,0.740741,10,1,46656,0,46144,216000,128,72,0.052282,0.002673,10,0.500000,12
2024-05-13 03:43:32,420,3.640604,2.500000,90.000000,90.000000,90.000000,2408346,0.074290,0.740741,10,1,46656,0,46144,216000,128,72,0.052282,0.002663,10,0.500000,12
2024-05-13 03:43:33,421,3.640604,2.500000,90.000000,90.000000,90.000000,2404738,0.074151,0.711111,10,1,46656,0,46144,216000,128,72,0.052282,0.002652,10,0.500000,12
2024-05-13 03:43:33,422,3.640604,2.500000,90.000000,90.000000,90.000000,2401612,0.073951,0.711111,10,1,46656,0,46144,216000,128,72,0.052282,0.002642,10,0.500000,12
2024-05-13 03:43:34,423,3.640604,2.500000,90.000000,90.000000,90.000000,2398230,0.073815,0.711111,10,1,46656,0,46144,216000,128,72,0.052282,0.002631,10,0.500000,12
2024-05-13 03:43:34,424,3.640604,2.500000,90.000000,90.000000,90.000000,2394755,0.073667,0.711111,10,1,46656,0,46143,215999,128,72,0.052281,0.002620,10,0.500000,12
2024-05-13 03:43:35,425,3.640604,2.500000,90.000000,90.000000,90.000000,2391315,0.073523,0.711111,10,1,46656,0,46143,215999,128,72,0.052281,0.002609,10,0.500000,12
2024-05-13 03:43:36,426,3.640604,2.500000,90.000000,90.000000,90.000000,2388285,0.073346,0.711111,10,1,46656,0,46143,215999,128,72,0.052281,0.002600,10,0.500000,12
2024-05-13 03:43:36,427,3.640561,2.500000,90.000000,90.000000,90.000000,2385173,0.073146,0.711111,10,0,46656,1,46146,216000,128,72,0.052285,0.002590,10,0.500000,12
