src_name,avgParticlesPerCell,cutoff,domainSizeX,domainSizeY,domainSizeZ,estimatedNumNeighborInteractions,maxParticlesPerCell,minParticlesPerCell,numCells,numEmptyCells,numHaloParticles,numParticles,particleSize,particleSizeNeededByFunctor,particlesPerBlurredCellStdDev,particlesPerCellStdDev,rebuildFrequency,skin,threadCount,Ranking,Container,CellSizeFactor,Traversal,Load Estimator,Data Layout,Newton 3
./data/1714081926658811997,0.141963,3.0,115.0,215.0,145.0,101799.0,11.0,0.0,137592.0,126279.0,0.0,19533.0,128.0,72.0,0.331482,0.011052,10.0,1.0,12.0,1.0,VerletListsCells,1.0,vlc_c01,none,AoS,disabled
./data/1714081926658811997,0.141963,3.0,115.0,215.0,145.0,101799.0,11.0,0.0,137592.0,126279.0,0.0,19533.0,128.0,72.0,0.331482,0.011052,10.0,1.0,12.0,0.7788007830714049,LinkedCells,1.0,lc_c04,none,AoS,enabled
./data/1714081926658811997,0.141963,3.0,115.0,215.0,145.0,101799.0,11.0,0.0,137592.0,126279.0,0.0,19533.0,128.0,72.0,0.331482,0.011052,10.0,1.0,12.0,0.6065306597126334,VerletLists,1.0,vl_list_iteration,none,AoS,disabled
./data/1714081926658811997,0.141963,3.0,115.0,215.0,145.0,101799.0,11.0,0.0,137592.0,126279.0,0.0,19533.0,128.0,72.0,0.331482,0.011052,10.0,1.0,12.0,0.4723665527410147,LinkedCells,1.0,lc_c08,none,AoS,enabled
./data/1714078439716274212,1.680961,3.0,155.0,55.0,55.0,203625.0,13.0,0.0,18772.0,4790.0,0.0,31555.0,128.0,72.0,0.075021,0.006755,10.0,1.0,12.0,1.0,VerletListsCells,1.0,vlc_c18,none,AoS,disabled
./data/1714078439716274212,1.680961,3.0,155.0,55.0,55.0,203625.0,13.0,0.0,18772.0,4790.0,0.0,31555.0,128.0,72.0,0.075021,0.006755,10.0,1.0,12.0,0.7788007830714049,VerletListsCells,1.0,vlc_c18,none,AoS,enabled
./data/1714078439716274212,1.680961,3.0,155.0,55.0,55.0,203625.0,13.0,0.0,18772.0,4790.0,0.0,31555.0,128.0,72.0,0.075021,0.006755,10.0,1.0,12.0,0.6065306597126334,VerletListsCells,1.0,vlc_sliced_c02,none,AoS,enabled
./data/1714078439716274212,1.680961,3.0,155.0,55.0,55.0,203625.0,13.0,0.0,18772.0,4790.0,0.0,31555.0,128.0,72.0,0.075021,0.006755,10.0,1.0,12.0,0.4723665527410147,VerletListsCells,1.0,vlc_c01,none,AoS,disabled
./data/1714074761524127179,0.020354,3.0,51.0,51.0,51.0,214.0,2.0,0.0,4913.0,4816.0,0.0,100.0,128.0,72.0,0.105655,0.101963,10.0,1.0,12.0,1.0,VerletClusterLists,1.0,vcl_cluster_iteration,none,SoA,disabled
./data/1714074761524127179,0.020354,3.0,51.0,51.0,51.0,214.0,2.0,0.0,4913.0,4816.0,0.0,100.0,128.0,72.0,0.105655,0.101963,10.0,1.0,12.0,0.7788007830714049,VerletClusterLists,1.0,vcl_cluster_iteration,none,AoS,disabled
./data/1714074761524127179,0.020354,3.0,51.0,51.0,51.0,214.0,2.0,0.0,4913.0,4816.0,0.0,100.0,128.0,72.0,0.105655,0.101963,10.0,1.0,12.0,0.6065306597126334,LinkedCells,1.0,lc_c08,none,AoS,enabled
./data/1714074761524127179,0.020354,3.0,51.0,51.0,51.0,214.0,2.0,0.0,4913.0,4816.0,0.0,100.0,128.0,72.0,0.105655,0.101963,10.0,1.0,12.0,0.4723665527410147,LinkedCells,1.0,lc_c08,none,AoS,disabled
./data/1714083534332074375,4.523221,3.0,201.9,201.9,21.9,1982953.0,8.0,0.0,36992.0,5569.0,0.0,167323.0,128.0,72.0,0.021007,0.002653,10.0,1.0,12.0,1.0,VerletListsCells,1.0,vlc_c18,none,AoS,enabled
./data/1714083534332074375,4.523221,3.0,201.9,201.9,21.9,1982953.0,8.0,0.0,36992.0,5569.0,0.0,167323.0,128.0,72.0,0.021007,0.002653,10.0,1.0,12.0,0.7788007830714049,VerletListsCells,1.0,vlc_sliced_c02,none,AoS,enabled
./data/1714083534332074375,4.523221,3.0,201.9,201.9,21.9,1982953.0,8.0,0.0,36992.0,5569.0,0.0,167323.0,128.0,72.0,0.021007,0.002653,10.0,1.0,12.0,0.6065306597126334,LinkedCells,1.0,lc_sliced_balanced,squared-particles-per-cell,SoA,enabled
./data/1714083534332074375,4.523221,3.0,201.9,201.9,21.9,1982953.0,8.0,0.0,36992.0,5569.0,0.0,167323.0,128.0,72.0,0.021007,0.002653,10.0,1.0,12.0,0.4723665527410147,LinkedCells,1.0,lc_c08,none,SoA,enabled
./data/1714076710300581334,0.58309,3.0,41.0,41.0,41.0,5303.0,5.0,0.0,2744.0,1557.0,0.0,1600.0,128.0,72.0,0.030409,0.025473,10.0,1.0,12.0,1.0,VerletListsCells,1.0,vlc_c18,none,AoS,enabled
./data/1714076710300581334,0.58309,3.0,41.0,41.0,41.0,5303.0,5.0,0.0,2744.0,1557.0,0.0,1600.0,128.0,72.0,0.030409,0.025473,10.0,1.0,12.0,0.7788007830714049,VerletListsCells,1.0,vlc_c18,none,AoS,disabled
./data/1714076710300581334,0.58309,3.0,41.0,41.0,41.0,5303.0,5.0,0.0,2744.0,1557.0,0.0,1600.0,128.0,72.0,0.030409,0.025473,10.0,1.0,12.0,0.6065306597126334,VerletClusterLists,1.0,vcl_c06,none,SoA,enabled
./data/1714076710300581334,0.58309,3.0,41.0,41.0,41.0,5303.0,5.0,0.0,2744.0,1557.0,0.0,1600.0,128.0,72.0,0.030409,0.025473,10.0,1.0,12.0,0.4723665527410147,LinkedCells,1.0,lc_c01,none,AoS,disabled
./data/1714080018885010451,0.280839,3.0,95.0,95.0,55.0,15592.0,4.0,0.0,19456.0,14941.0,0.0,5464.0,128.0,72.0,0.1167,0.014317,10.0,1.0,12.0,1.0,VerletListsCells,1.0,vlc_c18,none,AoS,enabled
./data/1714080018885010451,0.280839,3.0,95.0,95.0,55.0,15592.0,4.0,0.0,19456.0,14941.0,0.0,5464.0,128.0,72.0,0.1167,0.014317,10.0,1.0,12.0,0.7788007830714049,VerletClusterLists,1.0,vcl_c06,none,SoA,enabled
./data/1714080018885010451,0.280839,3.0,95.0,95.0,55.0,15592.0,4.0,0.0,19456.0,14941.0,0.0,5464.0,128.0,72.0,0.1167,0.014317,10.0,1.0,12.0,0.6065306597126334,VerletClusterLists,1.0,vcl_c06,none,AoS,enabled
./data/1714080018885010451,0.280839,3.0,95.0,95.0,55.0,15592.0,4.0,0.0,19456.0,14941.0,0.0,5464.0,128.0,72.0,0.1167,0.014317,10.0,1.0,12.0,0.4723665527410147,VerletListsCells,1.0,vlc_c18,none,AoS,disabled
./data/1714082966692942474,2.486029,3.0,233.475,233.475,21.225,1004262.0,8.0,0.0,48672.0,6084.0,0.0,121000.0,128.0,72.0,0.027445,0.003541,10.0,1.0,12.0,1.0,VerletListsCells,1.0,vlc_sliced_c02,none,AoS,enabled
./data/1714082966692942474,2.486029,3.0,233.475,233.475,21.225,1004262.0,8.0,0.0,48672.0,6084.0,0.0,121000.0,128.0,72.0,0.027445,0.003541,10.0,1.0,12.0,0.7788007830714049,VerletListsCells,1.0,vlc_c18,none,AoS,enabled
./data/1714082966692942474,2.486029,3.0,233.475,233.475,21.225,1004262.0,8.0,0.0,48672.0,6084.0,0.0,121000.0,128.0,72.0,0.027445,0.003541,10.0,1.0,12.0,0.6065306597126334,VerletClusterLists,1.0,vcl_c06,none,SoA,enabled
./data/1714082966692942474,2.486029,3.0,233.475,233.475,21.225,1004262.0,8.0,0.0,48672.0,6084.0,0.0,121000.0,128.0,72.0,0.027445,0.003541,10.0,1.0,12.0,0.4723665527410147,VerletListsCells,1.0,vlc_c01,none,AoS,disabled
./data/1714075556544627439,0.528679,3.0,181.0,181.0,181.0,378883.0,6.0,0.0,226981.0,134458.0,0.0,120000.0,128.0,72.0,0.004598,0.002912,10.0,1.0,12.0,1.0,VerletListsCells,1.0,vlc_c18,none,AoS,enabled
./data/1714075556544627439,0.528679,3.0,181.0,181.0,181.0,378883.0,6.0,0.0,226981.0,134458.0,0.0,120000.0,128.0,72.0,0.004598,0.002912,10.0,1.0,12.0,0.7788007830714049,LinkedCells,1.0,lc_c04,none,AoS,enabled
./data/1714075556544627439,0.528679,3.0,181.0,181.0,181.0,378883.0,6.0,0.0,226981.0,134458.0,0.0,120000.0,128.0,72.0,0.004598,0.002912,10.0,1.0,12.0,0.6065306597126334,LinkedCells,1.0,lc_sliced_c02,none,AoS,enabled
./data/1714075556544627439,0.528679,3.0,181.0,181.0,181.0,378883.0,6.0,0.0,226981.0,134458.0,0.0,120000.0,128.0,72.0,0.004598,0.002912,10.0,1.0,12.0,0.4723665527410147,LinkedCells,1.0,lc_c08,none,AoS,enabled
./data/1714078275019761701,0.827672,3.0,55.0,55.0,55.0,23646.0,7.0,0.0,6859.0,3249.0,0.0,5677.0,128.0,72.0,0.06548,0.014539,10.0,1.0,12.0,1.0,VerletListsCells,1.0,vlc_c18,none,AoS,enabled
./data/1714078275019761701,0.827672,3.0,55.0,55.0,55.0,23646.0,7.0,0.0,6859.0,3249.0,0.0,5677.0,128.0,72.0,0.06548,0.014539,10.0,1.0,12.0,0.7788007830714049,VerletListsCells,1.0,vlc_c18,none,AoS,disabled
./data/1714078275019761701,0.827672,3.0,55.0,55.0,55.0,23646.0,7.0,0.0,6859.0,3249.0,0.0,5677.0,128.0,72.0,0.06548,0.014539,10.0,1.0,12.0,0.6065306597126334,VerletLists,1.0,vl_list_iteration,none,AoS,disabled
./data/1714078275019761701,0.827672,3.0,55.0,55.0,55.0,23646.0,7.0,0.0,6859.0,3249.0,0.0,5677.0,128.0,72.0,0.06548,0.014539,10.0,1.0,12.0,0.4723665527410147,LinkedCells,1.0,lc_c08,none,AoS,enabled
./data/1714083177453647505,0.965398,3.0,203.23,203.23,23.23,99241.0,3.0,0.0,36992.0,7286.0,0.0,35712.0,128.0,72.0,0.034094,0.003345,10.0,1.0,12.0,1.0,VerletListsCells,1.0,vlc_sliced_c02,none,AoS,enabled
./data/1714083177453647505,0.965398,3.0,203.23,203.23,23.23,99241.0,3.0,0.0,36992.0,7286.0,0.0,35712.0,128.0,72.0,0.034094,0.003345,10.0,1.0,12.0,0.7788007830714049,VerletListsCells,1.0,vlc_c18,none,AoS,enabled
./data/1714083177453647505,0.965398,3.0,203.23,203.23,23.23,99241.0,3.0,0.0,36992.0,7286.0,0.0,35712.0,128.0,72.0,0.034094,0.003345,10.0,1.0,12.0,0.6065306597126334,VerletListsCells,1.0,vlc_c01,none,AoS,disabled
./data/1714083177453647505,0.965398,3.0,203.23,203.23,23.23,99241.0,3.0,0.0,36992.0,7286.0,0.0,35712.0,128.0,72.0,0.034094,0.003345,10.0,1.0,12.0,0.4723665527410147,VerletClusterLists,1.0,vcl_c06,none,SoA,enabled
./data/1714082034972107792,0.022596,3.0,115.0,215.0,145.0,6432.0,2.0,0.0,137592.0,134523.0,0.0,3109.0,128.0,72.0,0.045687,0.017963,10.0,1.0,12.0,1.0,VerletClusterLists,1.0,vcl_cluster_iteration,none,SoA,disabled
./data/1714082034972107792,0.022596,3.0,115.0,215.0,145.0,6432.0,2.0,0.0,137592.0,134523.0,0.0,3109.0,128.0,72.0,0.045687,0.017963,10.0,1.0,12.0,0.7788007830714049,VerletClusterLists,1.0,vcl_cluster_iteration,none,AoS,disabled
./data/1714082034972107792,0.022596,3.0,115.0,215.0,145.0,6432.0,2.0,0.0,137592.0,134523.0,0.0,3109.0,128.0,72.0,0.045687,0.017963,10.0,1.0,12.0,0.6065306597126334,VerletClusterLists,1.0,vcl_c06,none,AoS,enabled
./data/1714082034972107792,0.022596,3.0,115.0,215.0,145.0,6432.0,2.0,0.0,137592.0,134523.0,0.0,3109.0,128.0,72.0,0.045687,0.017963,10.0,1.0,12.0,0.4723665527410147,VerletClusterLists,1.0,vcl_c06,none,AoS,disabled
./data/1714075262310824452,0.148148,3.0,7.25,7.25,7.25,8.0,1.0,0.0,27.0,23.0,0.0,4.0,128.0,72.0,0.461479,0.461479,10.0,1.0,12.0,1.0,LinkedCells,1.0,lc_sliced,none,AoS,disabled
./data/1714075262310824452,0.148148,3.0,7.25,7.25,7.25,8.0,1.0,0.0,27.0,23.0,0.0,4.0,128.0,72.0,0.461479,0.461479,10.0,1.0,12.0,0.7788007830714049,VerletClusterLists,1.0,vcl_c01_balanced,none,AoS,disabled
./data/1714075262310824452,0.148148,3.0,7.25,7.25,7.25,8.0,1.0,0.0,27.0,23.0,0.0,4.0,128.0,72.0,0.461479,0.461479,10.0,1.0,12.0,0.6065306597126334,VerletClusterLists,1.0,vcl_c01_balanced,none,SoA,disabled
./data/1714075262310824452,0.148148,3.0,7.25,7.25,7.25,8.0,1.0,0.0,27.0,23.0,0.0,4.0,128.0,72.0,0.461479,0.461479,10.0,1.0,12.0,0.4723665527410147,LinkedCells,1.0,lc_c18,none,AoS,enabled
./data/1714076736728708638,5.830904,3.0,41.0,41.0,41.0,235329.0,19.0,0.0,2744.0,22.0,0.0,16000.0,128.0,72.0,0.012679,0.008786,10.0,1.0,12.0,1.0,LinkedCells,1.0,lc_c08,none,SoA,enabled
./data/1714076736728708638,5.830904,3.0,41.0,41.0,41.0,235329.0,19.0,0.0,2744.0,22.0,0.0,16000.0,128.0,72.0,0.012679,0.008786,10.0,1.0,12.0,0.7788007830714049,VerletListsCells,1.0,vlc_c18,none,AoS,enabled
./data/1714076736728708638,5.830904,3.0,41.0,41.0,41.0,235329.0,19.0,0.0,2744.0,22.0,0.0,16000.0,128.0,72.0,0.012679,0.008786,10.0,1.0,12.0,0.6065306597126334,VerletListsCells,1.0,vlc_c01,none,AoS,disabled
./data/1714076736728708638,5.830904,3.0,41.0,41.0,41.0,235329.0,19.0,0.0,2744.0,22.0,0.0,16000.0,128.0,72.0,0.012679,0.008786,10.0,1.0,12.0,0.4723665527410147,VerletLists,1.0,vl_list_iteration,none,AoS,disabled
./data/1714075408299787496,3.498542,3.0,19.0,19.0,19.0,13286.0,12.0,0.0,343.0,31.0,0.0,1200.0,128.0,72.0,0.04083,0.039049,10.0,1.0,12.0,1.0,LinkedCells,1.0,lc_c01,none,SoA,disabled
./data/1714075408299787496,3.498542,3.0,19.0,19.0,19.0,13286.0,12.0,0.0,343.0,31.0,0.0,1200.0,128.0,72.0,0.04083,0.039049,10.0,1.0,12.0,0.7788007830714049,VerletClusterLists,1.0,vcl_c01_balanced,none,SoA,disabled
./data/1714075408299787496,3.498542,3.0,19.0,19.0,19.0,13286.0,12.0,0.0,343.0,31.0,0.0,1200.0,128.0,72.0,0.04083,0.039049,10.0,1.0,12.0,0.6065306597126334,VerletClusterLists,1.0,vcl_cluster_iteration,none,SoA,disabled
./data/1714075408299787496,3.498542,3.0,19.0,19.0,19.0,13286.0,12.0,0.0,343.0,31.0,0.0,1200.0,128.0,72.0,0.04083,0.039049,10.0,1.0,12.0,0.4723665527410147,VerletListsCells,1.0,vlc_c01,none,AoS,disabled
./data/1714075442267611603,0.005287,3.0,181.0,181.0,181.0,2418.0,1.0,0.0,226981.0,225781.0,0.0,1200.0,128.0,72.0,0.030942,0.028791,10.0,1.0,12.0,1.0,VerletClusterLists,1.0,vcl_cluster_iteration,none,SoA,disabled
./data/1714075442267611603,0.005287,3.0,181.0,181.0,181.0,2418.0,1.0,0.0,226981.0,225781.0,0.0,1200.0,128.0,72.0,0.030942,0.028791,10.0,1.0,12.0,0.7788007830714049,VerletClusterLists,1.0,vcl_c06,none,AoS,disabled
./data/1714075442267611603,0.005287,3.0,181.0,181.0,181.0,2418.0,1.0,0.0,226981.0,225781.0,0.0,1200.0,128.0,72.0,0.030942,0.028791,10.0,1.0,12.0,0.6065306597126334,VerletClusterLists,1.0,vcl_c06,none,SoA,disabled
./data/1714075442267611603,0.005287,3.0,181.0,181.0,181.0,2418.0,1.0,0.0,226981.0,225781.0,0.0,1200.0,128.0,72.0,0.030942,0.028791,10.0,1.0,12.0,0.4723665527410147,VerletClusterLists,1.0,vcl_cluster_iteration,none,AoS,disabled
./data/1714082256076822694,2.28796,3.0,115.0,215.0,145.0,2280522.0,14.0,0.0,137592.0,18303.0,0.0,314805.0,128.0,72.0,0.040873,0.001961,10.0,1.0,12.0,1.0,VerletListsCells,1.0,vlc_c18,none,AoS,enabled
./data/1714082256076822694,2.28796,3.0,115.0,215.0,145.0,2280522.0,14.0,0.0,137592.0,18303.0,0.0,314805.0,128.0,72.0,0.040873,0.001961,10.0,1.0,12.0,0.7788007830714049,VerletListsCells,1.0,vlc_sliced_c02,none,AoS,enabled
./data/1714082256076822694,2.28796,3.0,115.0,215.0,145.0,2280522.0,14.0,0.0,137592.0,18303.0,0.0,314805.0,128.0,72.0,0.040873,0.001961,10.0,1.0,12.0,0.6065306597126334,VerletListsCells,1.0,vlc_c01,none,AoS,disabled
./data/1714082256076822694,2.28796,3.0,115.0,215.0,145.0,2280522.0,14.0,0.0,137592.0,18303.0,0.0,314805.0,128.0,72.0,0.040873,0.001961,10.0,1.0,12.0,0.4723665527410147,VerletListsCells,1.0,vlc_c18,none,AoS,disabled
./data/1714083062869851271,0.374085,3.0,453.475,453.475,41.225,243815.0,1.0,0.0,323456.0,202456.0,0.0,121000.0,128.0,72.0,0.027445,0.002274,10.0,1.0,12.0,1.0,VerletClusterLists,1.0,vcl_c06,none,AoS,enabled
./data/1714083062869851271,0.374085,3.0,453.475,453.475,41.225,243815.0,1.0,0.0,323456.0,202456.0,0.0,121000.0,128.0,72.0,0.027445,0.002274,10.0,1.0,12.0,0.7788007830714049,VerletClusterLists,1.0,vcl_cluster_iteration,none,AoS,disabled
./data/1714083062869851271,0.374085,3.0,453.475,453.475,41.225,243815.0,1.0,0.0,323456.0,202456.0,0.0,121000.0,128.0,72.0,0.027445,0.002274,10.0,1.0,12.0,0.6065306597126334,VerletClusterLists,1.0,vcl_c06,none,AoS,disabled
./data/1714083062869851271,0.374085,3.0,453.475,453.475,41.225,243815.0,1.0,0.0,323456.0,202456.0,0.0,121000.0,128.0,72.0,0.027445,0.002274,10.0,1.0,12.0,0.4723665527410147,VerletClusterLists,1.0,vcl_c06,none,SoA,enabled
./data/1714075327365901096,0.666667,3.0,58.0,7.25,7.25,660.0,5.0,0.0,180.0,121.0,0.0,120.0,128.0,72.0,0.109502,0.129099,10.0,1.0,12.0,1.0,VerletClusterLists,1.0,vcl_cluster_iteration,none,SoA,disabled
./data/1714075327365901096,0.666667,3.0,58.0,7.25,7.25,660.0,5.0,0.0,180.0,121.0,0.0,120.0,128.0,72.0,0.109502,0.129099,10.0,1.0,12.0,0.7788007830714049,VerletClusterLists,1.0,vcl_c06,none,SoA,enabled
./data/1714075327365901096,0.666667,3.0,58.0,7.25,7.25,660.0,5.0,0.0,180.0,121.0,0.0,120.0,128.0,72.0,0.109502,0.129099,10.0,1.0,12.0,0.6065306597126334,VerletClusterLists,1.0,vcl_cluster_iteration,none,AoS,disabled
./data/1714075327365901096,0.666667,3.0,58.0,7.25,7.25,660.0,5.0,0.0,180.0,121.0,0.0,120.0,128.0,72.0,0.109502,0.129099,10.0,1.0,12.0,0.4723665527410147,VerletClusterLists,1.0,vcl_c06,none,AoS,enabled
./data/1714078486592977605,0.564113,3.0,155.0,95.0,55.0,59151.0,9.0,0.0,31616.0,18258.0,0.0,17835.0,128.0,72.0,0.049134,0.007702,10.0,1.0,12.0,1.0,VerletListsCells,1.0,vlc_c18,none,AoS,enabled
./data/1714078486592977605,0.564113,3.0,155.0,95.0,55.0,59151.0,9.0,0.0,31616.0,18258.0,0.0,17835.0,128.0,72.0,0.049134,0.007702,10.0,1.0,12.0,0.7788007830714049,VerletListsCells,1.0,vlc_sliced_c02,none,AoS,enabled
./data/1714078486592977605,0.564113,3.0,155.0,95.0,55.0,59151.0,9.0,0.0,31616.0,18258.0,0.0,17835.0,128.0,72.0,0.049134,0.007702,10.0,1.0,12.0,0.6065306597126334,VerletListsCells,1.0,vlc_c01,none,AoS,disabled
./data/1714078486592977605,0.564113,3.0,155.0,95.0,55.0,59151.0,9.0,0.0,31616.0,18258.0,0.0,17835.0,128.0,72.0,0.049134,0.007702,10.0,1.0,12.0,0.4723665527410147,VerletListsCells,1.0,vlc_c18,none,AoS,disabled
./data/1714081849733849170,0.0,3.0,63.0,215.0,145.0,0.0,0.0,0.0,74088.0,74088.0,0.0,0.0,128.0,72.0,0.0,0.0,10.0,1.0,12.0,1.0,VerletClusterLists,1.0,vcl_cluster_iteration,none,AoS,disabled
./data/1714081849733849170,0.0,3.0,63.0,215.0,145.0,0.0,0.0,0.0,74088.0,74088.0,0.0,0.0,128.0,72.0,0.0,0.0,10.0,1.0,12.0,0.7788007830714049,VerletClusterLists,1.0,vcl_cluster_iteration,none,SoA,disabled
./data/1714081849733849170,0.0,3.0,63.0,215.0,145.0,0.0,0.0,0.0,74088.0,74088.0,0.0,0.0,128.0,72.0,0.0,0.0,10.0,1.0,12.0,0.6065306597126334,VerletClusterLists,1.0,vcl_c06,none,SoA,enabled
./data/1714081849733849170,0.0,3.0,63.0,215.0,145.0,0.0,0.0,0.0,74088.0,74088.0,0.0,0.0,128.0,72.0,0.0,0.0,10.0,1.0,12.0,0.4723665527410147,VerletClusterLists,1.0,vcl_c01_balanced,none,AoS,disabled
./data/1714075208301949113,14.814815,3.0,7.25,7.25,7.25,48937.0,96.0,0.0,27.0,19.0,0.0,400.0,128.0,72.0,0.119637,0.330493,10.0,1.0,12.0,1.0,VerletClusterLists,1.0,vcl_cluster_iteration,none,SoA,disabled
./data/1714075208301949113,14.814815,3.0,7.25,7.25,7.25,48937.0,96.0,0.0,27.0,19.0,0.0,400.0,128.0,72.0,0.119637,0.330493,10.0,1.0,12.0,0.7788007830714049,VerletClusterLists,1.0,vcl_c01_balanced,none,SoA,disabled
./data/1714075208301949113,14.814815,3.0,7.25,7.25,7.25,48937.0,96.0,0.0,27.0,19.0,0.0,400.0,128.0,72.0,0.119637,0.330493,10.0,1.0,12.0,0.6065306597126334,VerletClusterLists,1.0,vcl_cluster_iteration,none,AoS,disabled
./data/1714075208301949113,14.814815,3.0,7.25,7.25,7.25,48937.0,96.0,0.0,27.0,19.0,0.0,400.0,128.0,72.0,0.119637,0.330493,10.0,1.0,12.0,0.4723665527410147,LinkedCells,1.0,lc_c18,none,SoA,enabled
./data/1714080928849279442,0.041948,3.0,495.0,415.0,495.0,367716.0,6.0,0.0,3784275.0,3636250.0,0.0,158744.0,128.0,72.0,0.237714,0.002635,10.0,1.0,12.0,1.0,VerletClusterLists,1.0,vcl_c06,none,AoS,enabled
./data/1714080928849279442,0.041948,3.0,495.0,415.0,495.0,367716.0,6.0,0.0,3784275.0,3636250.0,0.0,158744.0,128.0,72.0,0.237714,0.002635,10.0,1.0,12.0,0.7788007830714049,VerletClusterLists,1.0,vcl_c06,none,SoA,enabled
./data/1714080928849279442,0.041948,3.0,495.0,415.0,495.0,367716.0,6.0,0.0,3784275.0,3636250.0,0.0,158744.0,128.0,72.0,0.237714,0.002635,10.0,1.0,12.0,0.6065306597126334,LinkedCells,1.0,lc_sliced_c02,none,AoS,enabled
./data/1714080928849279442,0.041948,3.0,495.0,415.0,495.0,367716.0,6.0,0.0,3784275.0,3636250.0,0.0,158744.0,128.0,72.0,0.237714,0.002635,10.0,1.0,12.0,0.4723665527410147,LinkedCells,1.0,lc_sliced_c02,none,AoS,disabled
./data/1714080468903596612,1.87085,3.0,195.0,95.0,55.0,740342.0,20.0,0.0,39520.0,16506.0,0.0,73936.0,128.0,72.0,0.144356,0.006318,10.0,1.0,12.0,1.0,VerletListsCells,1.0,vlc_c18,none,AoS,enabled
./data/1714080468903596612,1.87085,3.0,195.0,95.0,55.0,740342.0,20.0,0.0,39520.0,16506.0,0.0,73936.0,128.0,72.0,0.144356,0.006318,10.0,1.0,12.0,0.7788007830714049,VerletListsCells,1.0,vlc_c01,none,AoS,disabled
./data/1714080468903596612,1.87085,3.0,195.0,95.0,55.0,740342.0,20.0,0.0,39520.0,16506.0,0.0,73936.0,128.0,72.0,0.144356,0.006318,10.0,1.0,12.0,0.6065306597126334,VerletListsCells,1.0,vlc_c18,none,AoS,disabled
./data/1714080468903596612,1.87085,3.0,195.0,95.0,55.0,740342.0,20.0,0.0,39520.0,16506.0,0.0,73936.0,128.0,72.0,0.144356,0.006318,10.0,1.0,12.0,0.4723665527410147,LinkedCells,1.0,lc_c18,none,SoA,enabled
./data/1714075152535283686,1.424791,3.0,51.0,51.0,51.0,34988.0,8.0,0.0,4913.0,1190.0,0.0,7000.0,128.0,72.0,0.01535,0.011958,10.0,1.0,12.0,1.0,VerletListsCells,1.0,vlc_c18,none,AoS,enabled
./data/1714075152535283686,1.424791,3.0,51.0,51.0,51.0,34988.0,8.0,0.0,4913.0,1190.0,0.0,7000.0,128.0,72.0,0.01535,0.011958,10.0,1.0,12.0,0.7788007830714049,VerletListsCells,1.0,vlc_c18,none,AoS,disabled
./data/1714075152535283686,1.424791,3.0,51.0,51.0,51.0,34988.0,8.0,0.0,4913.0,1190.0,0.0,7000.0,128.0,72.0,0.01535,0.011958,10.0,1.0,12.0,0.6065306597126334,VerletLists,1.0,vl_list_iteration,none,AoS,disabled
./data/1714075152535283686,1.424791,3.0,51.0,51.0,51.0,34988.0,8.0,0.0,4913.0,1190.0,0.0,7000.0,128.0,72.0,0.01535,0.011958,10.0,1.0,12.0,0.4723665527410147,VerletClusterLists,1.0,vcl_c06,none,SoA,enabled
./data/1714075479912627512,0.052868,3.0,181.0,181.0,181.0,25573.0,3.0,0.0,226981.0,215308.0,0.0,12000.0,128.0,72.0,0.009226,0.009141,10.0,1.0,12.0,1.0,VerletClusterLists,1.0,vcl_c06,none,AoS,enabled
./data/1714075479912627512,0.052868,3.0,181.0,181.0,181.0,25573.0,3.0,0.0,226981.0,215308.0,0.0,12000.0,128.0,72.0,0.009226,0.009141,10.0,1.0,12.0,0.7788007830714049,VerletClusterLists,1.0,vcl_c06,none,SoA,enabled
./data/1714075479912627512,0.052868,3.0,181.0,181.0,181.0,25573.0,3.0,0.0,226981.0,215308.0,0.0,12000.0,128.0,72.0,0.009226,0.009141,10.0,1.0,12.0,0.6065306597126334,LinkedCells,1.0,lc_c18,none,AoS,disabled
./data/1714075479912627512,0.052868,3.0,181.0,181.0,181.0,25573.0,3.0,0.0,226981.0,215308.0,0.0,12000.0,128.0,72.0,0.009226,0.009141,10.0,1.0,12.0,0.4723665527410147,LinkedCells,1.0,lc_c04,none,AoS,enabled
./data/1714081803353058943,0.004144,3.0,63.0,215.0,145.0,622.0,2.0,0.0,74088.0,73782.0,0.0,307.0,128.0,72.0,0.237233,0.057141,10.0,1.0,12.0,1.0,VerletClusterLists,1.0,vcl_cluster_iteration,none,AoS,disabled
./data/1714081803353058943,0.004144,3.0,63.0,215.0,145.0,622.0,2.0,0.0,74088.0,73782.0,0.0,307.0,128.0,72.0,0.237233,0.057141,10.0,1.0,12.0,0.7788007830714049,VerletClusterLists,1.0,vcl_cluster_iteration,none,SoA,disabled
./data/1714081803353058943,0.004144,3.0,63.0,215.0,145.0,622.0,2.0,0.0,74088.0,73782.0,0.0,307.0,128.0,72.0,0.237233,0.057141,10.0,1.0,12.0,0.6065306597126334,VerletClusterLists,1.0,vcl_c06,none,SoA,enabled
./data/1714081803353058943,0.004144,3.0,63.0,215.0,145.0,622.0,2.0,0.0,74088.0,73782.0,0.0,307.0,128.0,72.0,0.237233,0.057141,10.0,1.0,12.0,0.4723665527410147,VerletClusterLists,1.0,vcl_c01_balanced,none,AoS,disabled
./data/1714076549786696348,0.00665,3.0,401.0,401.0,401.0,32491.0,2.0,0.0,2406104.0,2390164.0,0.0,16000.0,128.0,72.0,0.005723,0.007909,10.0,1.0,12.0,1.0,VerletClusterLists,1.0,vcl_cluster_iteration,none,SoA,disabled
./data/1714076549786696348,0.00665,3.0,401.0,401.0,401.0,32491.0,2.0,0.0,2406104.0,2390164.0,0.0,16000.0,128.0,72.0,0.005723,0.007909,10.0,1.0,12.0,0.7788007830714049,VerletClusterLists,1.0,vcl_c06,none,SoA,disabled
./data/1714076549786696348,0.00665,3.0,401.0,401.0,401.0,32491.0,2.0,0.0,2406104.0,2390164.0,0.0,16000.0,128.0,72.0,0.005723,0.007909,10.0,1.0,12.0,0.6065306597126334,VerletClusterLists,1.0,vcl_cluster_iteration,none,AoS,disabled
./data/1714076549786696348,0.00665,3.0,401.0,401.0,401.0,32491.0,2.0,0.0,2406104.0,2390164.0,0.0,16000.0,128.0,72.0,0.005723,0.007909,10.0,1.0,12.0,0.4723665527410147,VerletClusterLists,1.0,vcl_c06,none,AoS,enabled
./data/1714082607103361204,0.250206,3.0,405.0,45.0,45.0,15313.0,1.0,0.0,30375.0,22775.0,0.0,7600.0,128.0,72.0,0.047196,0.009933,10.0,1.0,12.0,1.0,VerletClusterLists,1.0,vcl_c06,none,SoA,enabled
./data/1714082607103361204,0.250206,3.0,405.0,45.0,45.0,15313.0,1.0,0.0,30375.0,22775.0,0.0,7600.0,128.0,72.0,0.047196,0.009933,10.0,1.0,12.0,0.7788007830714049,VerletClusterLists,1.0,vcl_c06,none,AoS,enabled
./data/1714082607103361204,0.250206,3.0,405.0,45.0,45.0,15313.0,1.0,0.0,30375.0,22775.0,0.0,7600.0,128.0,72.0,0.047196,0.009933,10.0,1.0,12.0,0.6065306597126334,VerletClusterLists,1.0,vcl_cluster_iteration,none,SoA,disabled
./data/1714082607103361204,0.250206,3.0,405.0,45.0,45.0,15313.0,1.0,0.0,30375.0,22775.0,0.0,7600.0,128.0,72.0,0.047196,0.009933,10.0,1.0,12.0,0.4723665527410147,LinkedCells,1.0,lc_c18,none,AoS,enabled
./data/1714075120103796007,1.017708,3.0,51.0,51.0,51.0,20780.0,5.0,0.0,4913.0,1785.0,0.0,5000.0,128.0,72.0,0.018508,0.014181,10.0,1.0,12.0,1.0,VerletListsCells,1.0,vlc_c01,none,AoS,disabled
./data/1714075120103796007,1.017708,3.0,51.0,51.0,51.0,20780.0,5.0,0.0,4913.0,1785.0,0.0,5000.0,128.0,72.0,0.018508,0.014181,10.0,1.0,12.0,0.7788007830714049,VerletClusterLists,1.0,vcl_c06,none,SoA,enabled
./data/1714075120103796007,1.017708,3.0,51.0,51.0,51.0,20780.0,5.0,0.0,4913.0,1785.0,0.0,5000.0,128.0,72.0,0.018508,0.014181,10.0,1.0,12.0,0.6065306597126334,VerletListsCells,1.0,vlc_sliced_c02,none,AoS,enabled
./data/1714075120103796007,1.017708,3.0,51.0,51.0,51.0,20780.0,5.0,0.0,4913.0,1785.0,0.0,5000.0,128.0,72.0,0.018508,0.014181,10.0,1.0,12.0,0.4723665527410147,LinkedCells,1.0,lc_c08,none,AoS,enabled
./data/1714082565374224783,23.956268,3.0,41.1225,41.1225,41.1225,3530242.0,42.0,5.0,2744.0,0.0,0.0,65736.0,128.0,72.0,0.007005,0.005153,10.0,1.0,12.0,1.0,LinkedCells,1.0,lc_c18,none,SoA,enabled
./data/1714082565374224783,23.956268,3.0,41.1225,41.1225,41.1225,3530242.0,42.0,5.0,2744.0,0.0,0.0,65736.0,128.0,72.0,0.007005,0.005153,10.0,1.0,12.0,0.7788007830714049,VerletListsCells,1.0,vlc_c18,none,AoS,enabled
./data/1714082565374224783,23.956268,3.0,41.1225,41.1225,41.1225,3530242.0,42.0,5.0,2744.0,0.0,0.0,65736.0,128.0,72.0,0.007005,0.005153,10.0,1.0,12.0,0.6065306597126334,LinkedCells,1.0,lc_c08,none,SoA,enabled
./data/1714082565374224783,23.956268,3.0,41.1225,41.1225,41.1225,3530242.0,42.0,5.0,2744.0,0.0,0.0,65736.0,128.0,72.0,0.007005,0.005153,10.0,1.0,12.0,0.4723665527410147,VerletClusterLists,1.0,vcl_c06,none,SoA,enabled
./data/1714075790542644227,1.741124,3.0,121.0,121.0,121.0,697801.0,11.0,0.0,68921.0,13079.0,0.0,120000.0,128.0,72.0,0.005244,0.002993,10.0,1.0,12.0,1.0,VerletListsCells,1.0,vlc_c18,none,AoS,enabled
./data/1714075790542644227,1.741124,3.0,121.0,121.0,121.0,697801.0,11.0,0.0,68921.0,13079.0,0.0,120000.0,128.0,72.0,0.005244,0.002993,10.0,1.0,12.0,0.7788007830714049,VerletListsCells,1.0,vlc_sliced_c02,none,AoS,enabled
./data/1714075790542644227,1.741124,3.0,121.0,121.0,121.0,697801.0,11.0,0.0,68921.0,13079.0,0.0,120000.0,128.0,72.0,0.005244,0.002993,10.0,1.0,12.0,0.6065306597126334,VerletListsCells,1.0,vlc_c01,none,AoS,disabled
./data/1714075790542644227,1.741124,3.0,121.0,121.0,121.0,697801.0,11.0,0.0,68921.0,13079.0,0.0,120000.0,128.0,72.0,0.005244,0.002993,10.0,1.0,12.0,0.4723665527410147,VerletListsCells,1.0,vlc_c18,none,AoS,disabled
./data/1714082748535864790,4.076557,3.0,202.0,202.0,22.0,1602454.0,6.0,0.0,36992.0,5569.0,0.0,150800.0,128.0,72.0,0.021015,0.002625,10.0,1.0,12.0,1.0,VerletListsCells,1.0,vlc_c18,none,AoS,enabled
./data/1714082748535864790,4.076557,3.0,202.0,202.0,22.0,1602454.0,6.0,0.0,36992.0,5569.0,0.0,150800.0,128.0,72.0,0.021015,0.002625,10.0,1.0,12.0,0.7788007830714049,VerletListsCells,1.0,vlc_sliced_c02,none,AoS,enabled
./data/1714082748535864790,4.076557,3.0,202.0,202.0,22.0,1602454.0,6.0,0.0,36992.0,5569.0,0.0,150800.0,128.0,72.0,0.021015,0.002625,10.0,1.0,12.0,0.6065306597126334,LinkedCells,1.0,lc_c08,none,SoA,enabled
./data/1714082748535864790,4.076557,3.0,202.0,202.0,22.0,1602454.0,6.0,0.0,36992.0,5569.0,0.0,150800.0,128.0,72.0,0.021015,0.002625,10.0,1.0,12.0,0.4723665527410147,VerletClusterLists,1.0,vcl_c06,none,SoA,enabled
./data/1714078536987336600,2.719414,3.0,155.0,95.0,55.0,722508.0,14.0,0.0,31616.0,3305.0,0.0,85977.0,128.0,72.0,0.047409,0.003938,10.0,1.0,12.0,1.0,VerletListsCells,1.0,vlc_c18,none,AoS,enabled
./data/1714078536987336600,2.719414,3.0,155.0,95.0,55.0,722508.0,14.0,0.0,31616.0,3305.0,0.0,85977.0,128.0,72.0,0.047409,0.003938,10.0,1.0,12.0,0.7788007830714049,VerletListsCells,1.0,vlc_sliced_c02,none,AoS,enabled
./data/1714078536987336600,2.719414,3.0,155.0,95.0,55.0,722508.0,14.0,0.0,31616.0,3305.0,0.0,85977.0,128.0,72.0,0.047409,0.003938,10.0,1.0,12.0,0.6065306597126334,VerletListsCells,1.0,vlc_c01,none,AoS,disabled
./data/1714078536987336600,2.719414,3.0,155.0,95.0,55.0,722508.0,14.0,0.0,31616.0,3305.0,0.0,85977.0,128.0,72.0,0.047409,0.003938,10.0,1.0,12.0,0.4723665527410147,LinkedCells,1.0,lc_c04,none,SoA,enabled
./data/1714081178059910414,0.005144,3.0,495.0,415.0,495.0,41713.0,4.0,0.0,3784275.0,3765377.0,0.0,19468.0,128.0,72.0,0.323885,0.007365,10.0,1.0,12.0,1.0,VerletClusterLists,1.0,vcl_c06,none,AoS,enabled
./data/1714081178059910414,0.005144,3.0,495.0,415.0,495.0,41713.0,4.0,0.0,3784275.0,3765377.0,0.0,19468.0,128.0,72.0,0.323885,0.007365,10.0,1.0,12.0,0.7788007830714049,VerletClusterLists,1.0,vcl_c06,none,SoA,enabled
./data/1714081178059910414,0.005144,3.0,495.0,415.0,495.0,41713.0,4.0,0.0,3784275.0,3765377.0,0.0,19468.0,128.0,72.0,0.323885,0.007365,10.0,1.0,12.0,0.6065306597126334,VerletClusterLists,1.0,vcl_c01_balanced,none,SoA,disabled
./data/1714081178059910414,0.005144,3.0,495.0,415.0,495.0,41713.0,4.0,0.0,3784275.0,3765377.0,0.0,19468.0,128.0,72.0,0.323885,0.007365,10.0,1.0,12.0,0.4723665527410147,VerletClusterLists,1.0,vcl_c01_balanced,none,AoS,disabled
./data/1714078220046702343,1.694416,3.0,55.0,55.0,55.0,109399.0,15.0,0.0,6859.0,2795.0,0.0,11622.0,128.0,72.0,0.152281,0.015635,10.0,1.0,12.0,1.0,VerletListsCells,1.0,vlc_c18,none,AoS,enabled
./data/1714078220046702343,1.694416,3.0,55.0,55.0,55.0,109399.0,15.0,0.0,6859.0,2795.0,0.0,11622.0,128.0,72.0,0.152281,0.015635,10.0,1.0,12.0,0.7788007830714049,VerletListsCells,1.0,vlc_c01,none,AoS,disabled
./data/1714078220046702343,1.694416,3.0,55.0,55.0,55.0,109399.0,15.0,0.0,6859.0,2795.0,0.0,11622.0,128.0,72.0,0.152281,0.015635,10.0,1.0,12.0,0.6065306597126334,VerletLists,1.0,vl_list_iteration,none,AoS,disabled
./data/1714078220046702343,1.694416,3.0,55.0,55.0,55.0,109399.0,15.0,0.0,6859.0,2795.0,0.0,11622.0,128.0,72.0,0.152281,0.015635,10.0,1.0,12.0,0.4723665527410147,LinkedCells,1.0,lc_c18,none,SoA,enabled
./data/1714078629935152989,4.855042,3.0,155.0,95.0,55.0,2059304.0,19.0,0.0,31616.0,1023.0,0.0,153497.0,128.0,72.0,0.047284,0.003222,10.0,1.0,12.0,1.0,VerletListsCells,1.0,vlc_c18,none,AoS,enabled
./data/1714078629935152989,4.855042,3.0,155.0,95.0,55.0,2059304.0,19.0,0.0,31616.0,1023.0,0.0,153497.0,128.0,72.0,0.047284,0.003222,10.0,1.0,12.0,0.7788007830714049,VerletListsCells,1.0,vlc_sliced_c02,none,AoS,enabled
./data/1714078629935152989,4.855042,3.0,155.0,95.0,55.0,2059304.0,19.0,0.0,31616.0,1023.0,0.0,153497.0,128.0,72.0,0.047284,0.003222,10.0,1.0,12.0,0.6065306597126334,LinkedCells,1.0,lc_c08,none,SoA,enabled
./data/1714078629935152989,4.855042,3.0,155.0,95.0,55.0,2059304.0,19.0,0.0,31616.0,1023.0,0.0,153497.0,128.0,72.0,0.047284,0.003222,10.0,1.0,12.0,0.4723665527410147,LinkedCells,1.0,lc_c18,none,SoA,enabled
./data/1714075238121681617,1.481481,3.0,7.25,7.25,7.25,586.0,10.0,0.0,27.0,19.0,0.0,40.0,128.0,72.0,0.22184,0.373113,10.0,1.0,12.0,1.0,VerletClusterLists,1.0,vcl_cluster_iteration,none,AoS,disabled
./data/1714075238121681617,1.481481,3.0,7.25,7.25,7.25,586.0,10.0,0.0,27.0,19.0,0.0,40.0,128.0,72.0,0.22184,0.373113,10.0,1.0,12.0,0.7788007830714049,VerletClusterLists,1.0,vcl_cluster_iteration,none,SoA,disabled
./data/1714075238121681617,1.481481,3.0,7.25,7.25,7.25,586.0,10.0,0.0,27.0,19.0,0.0,40.0,128.0,72.0,0.22184,0.373113,10.0,1.0,12.0,0.6065306597126334,LinkedCells,1.0,lc_c01,none,SoA,disabled
./data/1714075238121681617,1.481481,3.0,7.25,7.25,7.25,586.0,10.0,0.0,27.0,19.0,0.0,40.0,128.0,72.0,0.22184,0.373113,10.0,1.0,12.0,0.4723665527410147,VerletListsCells,1.0,vlc_sliced_c02,none,AoS,enabled
./data/1714081829971705341,0.0,3.0,63.0,215.0,145.0,0.0,0.0,0.0,74088.0,74088.0,0.0,0.0,128.0,72.0,0.0,0.0,10.0,1.0,12.0,1.0,VerletClusterLists,1.0,vcl_cluster_iteration,none,SoA,disabled
./data/1714081829971705341,0.0,3.0,63.0,215.0,145.0,0.0,0.0,0.0,74088.0,74088.0,0.0,0.0,128.0,72.0,0.0,0.0,10.0,1.0,12.0,0.7788007830714049,VerletClusterLists,1.0,vcl_c06,none,SoA,enabled
./data/1714081829971705341,0.0,3.0,63.0,215.0,145.0,0.0,0.0,0.0,74088.0,74088.0,0.0,0.0,128.0,72.0,0.0,0.0,10.0,1.0,12.0,0.6065306597126334,VerletClusterLists,1.0,vcl_cluster_iteration,none,AoS,disabled
./data/1714081829971705341,0.0,3.0,63.0,215.0,145.0,0.0,0.0,0.0,74088.0,74088.0,0.0,0.0,128.0,72.0,0.0,0.0,10.0,1.0,12.0,0.4723665527410147,VerletClusterLists,1.0,vcl_c06,none,AoS,enabled
./data/1714081571085034404,0.000512,3.0,495.0,415.0,495.0,3926.0,2.0,0.0,3784275.0,3782345.0,0.0,1936.0,128.0,72.0,0.323859,0.022792,10.0,1.0,12.0,1.0,VerletClusterLists,1.0,vcl_c06,none,SoA,enabled
./data/1714081571085034404,0.000512,3.0,495.0,415.0,495.0,3926.0,2.0,0.0,3784275.0,3782345.0,0.0,1936.0,128.0,72.0,0.323859,0.022792,10.0,1.0,12.0,0.7788007830714049,VerletClusterLists,1.0,vcl_c06,none,AoS,enabled
./data/1714081571085034404,0.000512,3.0,495.0,415.0,495.0,3926.0,2.0,0.0,3784275.0,3782345.0,0.0,1936.0,128.0,72.0,0.323859,0.022792,10.0,1.0,12.0,0.6065306597126334,VerletClusterLists,1.0,vcl_cluster_iteration,none,SoA,disabled
./data/1714081571085034404,0.000512,3.0,495.0,415.0,495.0,3926.0,2.0,0.0,3784275.0,3782345.0,0.0,1936.0,128.0,72.0,0.323859,0.022792,10.0,1.0,12.0,0.4723665527410147,VerletClusterLists,1.0,vcl_cluster_iteration,none,AoS,disabled
./data/1714080327739228689,0.280839,3.0,95.0,95.0,55.0,15592.0,4.0,0.0,19456.0,14941.0,0.0,5464.0,128.0,72.0,0.1167,0.014317,10.0,1.0,12.0,1.0,LinkedCells,1.0,lc_sliced_balanced,none,AoS,enabled
./data/1714080327739228689,0.280839,3.0,95.0,95.0,55.0,15592.0,4.0,0.0,19456.0,14941.0,0.0,5464.0,128.0,72.0,0.1167,0.014317,10.0,1.0,12.0,0.7788007830714049,VerletClusterLists,1.0,vcl_c06,none,AoS,enabled
./data/1714080327739228689,0.280839,3.0,95.0,95.0,55.0,15592.0,4.0,0.0,19456.0,14941.0,0.0,5464.0,128.0,72.0,0.1167,0.014317,10.0,1.0,12.0,0.6065306597126334,VerletClusterLists,1.0,vcl_c01_balanced,none,SoA,disabled
./data/1714080327739228689,0.280839,3.0,95.0,95.0,55.0,15592.0,4.0,0.0,19456.0,14941.0,0.0,5464.0,128.0,72.0,0.1167,0.014317,10.0,1.0,12.0,0.4723665527410147,VerletListsCells,1.0,vlc_c18,none,AoS,disabled
./data/1714076693960531270,0.000665,3.0,401.0,401.0,401.0,3223.0,1.0,0.0,2406104.0,2404504.0,0.0,1600.0,128.0,72.0,0.021316,0.024992,10.0,1.0,12.0,1.0,VerletClusterLists,1.0,vcl_cluster_iteration,none,SoA,disabled
./data/1714076693960531270,0.000665,3.0,401.0,401.0,401.0,3223.0,1.0,0.0,2406104.0,2404504.0,0.0,1600.0,128.0,72.0,0.021316,0.024992,10.0,1.0,12.0,0.7788007830714049,VerletClusterLists,1.0,vcl_c06,none,SoA,enabled
./data/1714076693960531270,0.000665,3.0,401.0,401.0,401.0,3223.0,1.0,0.0,2406104.0,2404504.0,0.0,1600.0,128.0,72.0,0.021316,0.024992,10.0,1.0,12.0,0.6065306597126334,VerletClusterLists,1.0,vcl_c06,none,AoS,disabled
./data/1714076693960531270,0.000665,3.0,401.0,401.0,401.0,3223.0,1.0,0.0,2406104.0,2404504.0,0.0,1600.0,128.0,72.0,0.021316,0.024992,10.0,1.0,12.0,0.4723665527410147,VerletClusterLists,1.0,vcl_c06,none,AoS,enabled
./data/1714078358828042792,5.445983,3.0,55.0,55.0,55.0,607550.0,23.0,0.0,6859.0,291.0,0.0,37354.0,128.0,72.0,0.065133,0.007955,10.0,1.0,12.0,1.0,VerletListsCells,1.0,vlc_c18,none,AoS,enabled
./data/1714078358828042792,5.445983,3.0,55.0,55.0,55.0,607550.0,23.0,0.0,6859.0,291.0,0.0,37354.0,128.0,72.0,0.065133,0.007955,10.0,1.0,12.0,0.7788007830714049,LinkedCells,1.0,lc_c08,none,SoA,enabled
./data/1714078358828042792,5.445983,3.0,55.0,55.0,55.0,607550.0,23.0,0.0,6859.0,291.0,0.0,37354.0,128.0,72.0,0.065133,0.007955,10.0,1.0,12.0,0.6065306597126334,LinkedCells,1.0,lc_c18,none,SoA,enabled
./data/1714078358828042792,5.445983,3.0,55.0,55.0,55.0,607550.0,23.0,0.0,6859.0,291.0,0.0,37354.0,128.0,72.0,0.065133,0.007955,10.0,1.0,12.0,0.4723665527410147,VerletListsCells,1.0,vlc_c01,none,AoS,disabled
./data/1714080005969396063,0.002519,3.0,95.0,95.0,55.0,98.0,1.0,0.0,19456.0,19407.0,0.0,49.0,128.0,72.0,0.16336,0.142677,10.0,1.0,12.0,1.0,VerletClusterLists,1.0,vcl_cluster_iteration,none,SoA,disabled
./data/1714080005969396063,0.002519,3.0,95.0,95.0,55.0,98.0,1.0,0.0,19456.0,19407.0,0.0,49.0,128.0,72.0,0.16336,0.142677,10.0,1.0,12.0,0.7788007830714049,VerletClusterLists,1.0,vcl_c06,none,AoS,enabled
./data/1714080005969396063,0.002519,3.0,95.0,95.0,55.0,98.0,1.0,0.0,19456.0,19407.0,0.0,49.0,128.0,72.0,0.16336,0.142677,10.0,1.0,12.0,0.6065306597126334,VerletClusterLists,1.0,vcl_c01_balanced,none,SoA,disabled
./data/1714080005969396063,0.002519,3.0,95.0,95.0,55.0,98.0,1.0,0.0,19456.0,19407.0,0.0,49.0,128.0,72.0,0.16336,0.142677,10.0,1.0,12.0,0.4723665527410147,VerletClusterLists,1.0,vcl_c01_balanced,none,AoS,disabled
./data/1714082892473443977,17.148526,3.0,123.475,123.475,11.225,5018514.0,27.0,0.0,7056.0,332.0,0.0,121000.0,128.0,72.0,0.027445,0.004732,10.0,1.0,12.0,1.0,VerletClusterLists,1.0,vcl_c06,none,SoA,enabled
./data/1714082892473443977,17.148526,3.0,123.475,123.475,11.225,5018514.0,27.0,0.0,7056.0,332.0,0.0,121000.0,128.0,72.0,0.027445,0.004732,10.0,1.0,12.0,0.7788007830714049,VerletListsCells,1.0,vlc_c18,none,AoS,enabled
./data/1714082892473443977,17.148526,3.0,123.475,123.475,11.225,5018514.0,27.0,0.0,7056.0,332.0,0.0,121000.0,128.0,72.0,0.027445,0.004732,10.0,1.0,12.0,0.6065306597126334,LinkedCells,1.0,lc_c18,none,SoA,enabled
./data/1714082892473443977,17.148526,3.0,123.475,123.475,11.225,5018514.0,27.0,0.0,7056.0,332.0,0.0,121000.0,128.0,72.0,0.027445,0.004732,10.0,1.0,12.0,0.4723665527410147,VerletListsCells,1.0,vlc_sliced_c02,none,AoS,enabled
./data/1714081988968277859,0.145314,3.0,115.0,215.0,145.0,289010.0,26.0,0.0,137592.0,131716.0,0.0,19994.0,128.0,72.0,0.359923,0.018441,10.0,1.0,12.0,1.0,VerletListsCells,1.0,vlc_c01,none,AoS,disabled
./data/1714081988968277859,0.145314,3.0,115.0,215.0,145.0,289010.0,26.0,0.0,137592.0,131716.0,0.0,19994.0,128.0,72.0,0.359923,0.018441,10.0,1.0,12.0,0.7788007830714049,VerletLists,1.0,vl_list_iteration,none,AoS,disabled
./data/1714081988968277859,0.145314,3.0,115.0,215.0,145.0,289010.0,26.0,0.0,137592.0,131716.0,0.0,19994.0,128.0,72.0,0.359923,0.018441,10.0,1.0,12.0,0.6065306597126334,VerletListsCells,1.0,vlc_c18,none,AoS,enabled
./data/1714081988968277859,0.145314,3.0,115.0,215.0,145.0,289010.0,26.0,0.0,137592.0,131716.0,0.0,19994.0,128.0,72.0,0.359923,0.018441,10.0,1.0,12.0,0.4723665527410147,VerletListsCells,1.0,vlc_c18,none,AoS,disabled
./data/1714080133198784960,2.639876,3.0,135.0,95.0,55.0,735588.0,20.0,0.0,27360.0,5784.0,0.0,72227.0,128.0,72.0,0.104635,0.005599,10.0,1.0,12.0,1.0,VerletListsCells,1.0,vlc_c18,none,AoS,enabled
./data/1714080133198784960,2.639876,3.0,135.0,95.0,55.0,735588.0,20.0,0.0,27360.0,5784.0,0.0,72227.0,128.0,72.0,0.104635,0.005599,10.0,1.0,12.0,0.7788007830714049,VerletListsCells,1.0,vlc_c01,none,AoS,disabled
./data/1714080133198784960,2.639876,3.0,135.0,95.0,55.0,735588.0,20.0,0.0,27360.0,5784.0,0.0,72227.0,128.0,72.0,0.104635,0.005599,10.0,1.0,12.0,0.6065306597126334,VerletListsCells,1.0,vlc_c18,none,AoS,disabled
./data/1714080133198784960,2.639876,3.0,135.0,95.0,55.0,735588.0,20.0,0.0,27360.0,5784.0,0.0,72227.0,128.0,72.0,0.104635,0.005599,10.0,1.0,12.0,0.4723665527410147,LinkedCells,1.0,lc_c08,none,SoA,enabled
./data/1714082775864447799,16.369048,3.0,123.475,11.225,11.225,429164.0,27.0,0.0,672.0,16.0,0.0,11000.0,128.0,72.0,0.038764,0.014501,10.0,1.0,12.0,1.0,VerletClusterLists,1.0,vcl_c06,none,SoA,enabled
./data/1714082775864447799,16.369048,3.0,123.475,11.225,11.225,429164.0,27.0,0.0,672.0,16.0,0.0,11000.0,128.0,72.0,0.038764,0.014501,10.0,1.0,12.0,0.7788007830714049,VerletListsCells,1.0,vlc_sliced_c02,none,AoS,enabled
./data/1714082775864447799,16.369048,3.0,123.475,11.225,11.225,429164.0,27.0,0.0,672.0,16.0,0.0,11000.0,128.0,72.0,0.038764,0.014501,10.0,1.0,12.0,0.6065306597126334,LinkedCells,1.0,lc_sliced_balanced,squared-particles-per-cell,SoA,enabled
./data/1714082775864447799,16.369048,3.0,123.475,11.225,11.225,429164.0,27.0,0.0,672.0,16.0,0.0,11000.0,128.0,72.0,0.038764,0.014501,10.0,1.0,12.0,0.4723665527410147,VerletClusterLists,1.0,vcl_cluster_iteration,none,SoA,disabled
./data/1714082626632887584,1.195457,3.0,403.0,43.0,43.0,122200.0,3.0,0.0,30375.0,4183.0,0.0,36312.0,128.0,72.0,0.02347,0.00352,10.0,1.0,12.0,1.0,VerletListsCells,1.0,vlc_sliced_c02,none,AoS,enabled
./data/1714082626632887584,1.195457,3.0,403.0,43.0,43.0,122200.0,3.0,0.0,30375.0,4183.0,0.0,36312.0,128.0,72.0,0.02347,0.00352,10.0,1.0,12.0,0.7788007830714049,VerletListsCells,1.0,vlc_c18,none,AoS,enabled
./data/1714082626632887584,1.195457,3.0,403.0,43.0,43.0,122200.0,3.0,0.0,30375.0,4183.0,0.0,36312.0,128.0,72.0,0.02347,0.00352,10.0,1.0,12.0,0.6065306597126334,VerletListsCells,1.0,vlc_c18,none,AoS,disabled
./data/1714082626632887584,1.195457,3.0,403.0,43.0,43.0,122200.0,3.0,0.0,30375.0,4183.0,0.0,36312.0,128.0,72.0,0.02347,0.00352,10.0,1.0,12.0,0.4723665527410147,VerletListsCells,1.0,vlc_c01,none,AoS,disabled
./data/1714081675192135529,0.000112,3.0,63.0,415.0,495.0,108.0,1.0,0.0,481635.0,481581.0,0.0,54.0,128.0,72.0,0.321818,0.136075,10.0,1.0,12.0,1.0,VerletClusterLists,1.0,vcl_c06,none,AoS,disabled
./data/1714081675192135529,0.000112,3.0,63.0,415.0,495.0,108.0,1.0,0.0,481635.0,481581.0,0.0,54.0,128.0,72.0,0.321818,0.136075,10.0,1.0,12.0,0.7788007830714049,VerletClusterLists,1.0,vcl_cluster_iteration,none,AoS,disabled
./data/1714081675192135529,0.000112,3.0,63.0,415.0,495.0,108.0,1.0,0.0,481635.0,481581.0,0.0,54.0,128.0,72.0,0.321818,0.136075,10.0,1.0,12.0,0.6065306597126334,VerletClusterLists,1.0,vcl_c01_balanced,none,SoA,disabled
./data/1714081675192135529,0.000112,3.0,63.0,415.0,495.0,108.0,1.0,0.0,481635.0,481581.0,0.0,54.0,128.0,72.0,0.321818,0.136075,10.0,1.0,12.0,0.4723665527410147,VerletClusterLists,1.0,vcl_c06,none,SoA,disabled
./data/1714078155370042694,2.332702,3.0,55.0,55.0,55.0,31734899.0,2440.0,0.0,6859.0,6742.0,0.0,16000.0,128.0,72.0,0.454982,0.243102,10.0,1.0,12.0,1.0,LinkedCells,1.0,lc_c01,none,SoA,disabled
./data/1714078155370042694,2.332702,3.0,55.0,55.0,55.0,31734899.0,2440.0,0.0,6859.0,6742.0,0.0,16000.0,128.0,72.0,0.454982,0.243102,10.0,1.0,12.0,0.7788007830714049,VerletClusterLists,1.0,vcl_c01_balanced,none,SoA,disabled
./data/1714078155370042694,2.332702,3.0,55.0,55.0,55.0,31734899.0,2440.0,0.0,6859.0,6742.0,0.0,16000.0,128.0,72.0,0.454982,0.243102,10.0,1.0,12.0,0.6065306597126334,VerletLists,1.0,vl_list_iteration,none,SoA,disabled
./data/1714078155370042694,2.332702,3.0,55.0,55.0,55.0,31734899.0,2440.0,0.0,6859.0,6742.0,0.0,16000.0,128.0,72.0,0.454982,0.243102,10.0,1.0,12.0,0.4723665527410147,VerletLists,1.0,vl_list_iteration,none,AoS,disabled
./data/1714082578016230200,0.225185,3.0,45.0,45.0,45.0,1531.0,1.0,0.0,3375.0,2615.0,0.0,760.0,128.0,72.0,0.050404,0.03193,10.0,1.0,12.0,1.0,VerletClusterLists,1.0,vcl_c06,none,SoA,enabled
./data/1714082578016230200,0.225185,3.0,45.0,45.0,45.0,1531.0,1.0,0.0,3375.0,2615.0,0.0,760.0,128.0,72.0,0.050404,0.03193,10.0,1.0,12.0,0.7788007830714049,LinkedCells,1.0,lc_c08,none,AoS,disabled
./data/1714082578016230200,0.225185,3.0,45.0,45.0,45.0,1531.0,1.0,0.0,3375.0,2615.0,0.0,760.0,128.0,72.0,0.050404,0.03193,10.0,1.0,12.0,0.6065306597126334,LinkedCells,1.0,lc_c08,none,AoS,enabled
./data/1714082578016230200,0.225185,3.0,45.0,45.0,45.0,1531.0,1.0,0.0,3375.0,2615.0,0.0,760.0,128.0,72.0,0.050404,0.03193,10.0,1.0,12.0,0.4723665527410147,VerletClusterLists,1.0,vcl_c06,none,SoA,disabled
./data/1714079978677100026,0.001012,3.0,155.0,95.0,55.0,64.0,1.0,0.0,31616.0,31584.0,0.0,32.0,128.0,72.0,0.182416,0.176687,10.0,1.0,12.0,1.0,VerletClusterLists,1.0,vcl_c06,none,AoS,disabled
./data/1714079978677100026,0.001012,3.0,155.0,95.0,55.0,64.0,1.0,0.0,31616.0,31584.0,0.0,32.0,128.0,72.0,0.182416,0.176687,10.0,1.0,12.0,0.7788007830714049,VerletClusterLists,1.0,vcl_c01_balanced,none,SoA,disabled
./data/1714079978677100026,0.001012,3.0,155.0,95.0,55.0,64.0,1.0,0.0,31616.0,31584.0,0.0,32.0,128.0,72.0,0.182416,0.176687,10.0,1.0,12.0,0.6065306597126334,VerletClusterLists,1.0,vcl_c06,none,SoA,enabled
./data/1714079978677100026,0.001012,3.0,155.0,95.0,55.0,64.0,1.0,0.0,31616.0,31584.0,0.0,32.0,128.0,72.0,0.182416,0.176687,10.0,1.0,12.0,0.4723665527410147,VerletClusterLists,1.0,vcl_c06,none,SoA,disabled
./data/1714078463467677404,1.12215,3.0,155.0,55.0,55.0,100470.0,8.0,0.0,18772.0,6836.0,0.0,21065.0,128.0,72.0,0.057323,0.00753,10.0,1.0,12.0,1.0,VerletListsCells,1.0,vlc_c18,none,AoS,enabled
./data/1714078463467677404,1.12215,3.0,155.0,55.0,55.0,100470.0,8.0,0.0,18772.0,6836.0,0.0,21065.0,128.0,72.0,0.057323,0.00753,10.0,1.0,12.0,0.7788007830714049,VerletClusterLists,1.0,vcl_c06,none,SoA,enabled
./data/1714078463467677404,1.12215,3.0,155.0,55.0,55.0,100470.0,8.0,0.0,18772.0,6836.0,0.0,21065.0,128.0,72.0,0.057323,0.00753,10.0,1.0,12.0,0.6065306597126334,VerletListsCells,1.0,vlc_c01,none,AoS,disabled
./data/1714078463467677404,1.12215,3.0,155.0,55.0,55.0,100470.0,8.0,0.0,18772.0,6836.0,0.0,21065.0,128.0,72.0,0.057323,0.00753,10.0,1.0,12.0,0.4723665527410147,VerletListsCells,1.0,vlc_sliced_c02,none,AoS,enabled
./data/1714081875672491428,0.0,3.0,63.0,215.0,145.0,0.0,0.0,0.0,74088.0,74088.0,0.0,0.0,128.0,72.0,0.0,0.0,10.0,1.0,12.0,1.0,VerletClusterLists,1.0,vcl_cluster_iteration,none,SoA,disabled
./data/1714081875672491428,0.0,3.0,63.0,215.0,145.0,0.0,0.0,0.0,74088.0,74088.0,0.0,0.0,128.0,72.0,0.0,0.0,10.0,1.0,12.0,0.7788007830714049,VerletClusterLists,1.0,vcl_cluster_iteration,none,AoS,disabled
./data/1714081875672491428,0.0,3.0,63.0,215.0,145.0,0.0,0.0,0.0,74088.0,74088.0,0.0,0.0,128.0,72.0,0.0,0.0,10.0,1.0,12.0,0.6065306597126334,VerletClusterLists,1.0,vcl_c06,none,SoA,enabled
./data/1714081875672491428,0.0,3.0,63.0,215.0,145.0,0.0,0.0,0.0,74088.0,74088.0,0.0,0.0,128.0,72.0,0.0,0.0,10.0,1.0,12.0,0.4723665527410147,VerletClusterLists,1.0,vcl_c01_balanced,none,AoS,disabled
./data/1714075063570194688,2.035416,3.0,51.0,51.0,51.0,63109.0,9.0,0.0,4913.0,669.0,0.0,10000.0,128.0,72.0,0.014333,0.010088,10.0,1.0,12.0,1.0,VerletListsCells,1.0,vlc_c18,none,AoS,enabled
./data/1714075063570194688,2.035416,3.0,51.0,51.0,51.0,63109.0,9.0,0.0,4913.0,669.0,0.0,10000.0,128.0,72.0,0.014333,0.010088,10.0,1.0,12.0,0.7788007830714049,VerletLists,1.0,vl_list_iteration,none,AoS,disabled
./data/1714075063570194688,2.035416,3.0,51.0,51.0,51.0,63109.0,9.0,0.0,4913.0,669.0,0.0,10000.0,128.0,72.0,0.014333,0.010088,10.0,1.0,12.0,0.6065306597126334,VerletListsCells,1.0,vlc_c01,none,AoS,disabled
./data/1714075063570194688,2.035416,3.0,51.0,51.0,51.0,63109.0,9.0,0.0,4913.0,669.0,0.0,10000.0,128.0,72.0,0.014333,0.010088,10.0,1.0,12.0,0.4723665527410147,VerletListsCells,1.0,vlc_c18,none,AoS,disabled
./data/1714078414935441027,2.586672,3.0,155.0,55.0,55.0,717343.0,23.0,0.0,18772.0,8383.0,0.0,48557.0,128.0,72.0,0.186435,0.009638,10.0,1.0,12.0,1.0,VerletListsCells,1.0,vlc_c18,none,AoS,enabled
./data/1714078414935441027,2.586672,3.0,155.0,55.0,55.0,717343.0,23.0,0.0,18772.0,8383.0,0.0,48557.0,128.0,72.0,0.186435,0.009638,10.0,1.0,12.0,0.7788007830714049,VerletListsCells,1.0,vlc_c01,none,AoS,disabled
./data/1714078414935441027,2.586672,3.0,155.0,55.0,55.0,717343.0,23.0,0.0,18772.0,8383.0,0.0,48557.0,128.0,72.0,0.186435,0.009638,10.0,1.0,12.0,0.6065306597126334,VerletListsCells,1.0,vlc_c18,none,AoS,disabled
./data/1714078414935441027,2.586672,3.0,155.0,55.0,55.0,717343.0,23.0,0.0,18772.0,8383.0,0.0,48557.0,128.0,72.0,0.186435,0.009638,10.0,1.0,12.0,0.4723665527410147,LinkedCells,1.0,lc_c08,none,SoA,enabled
./data/1714081779129814005,0.001148,3.0,63.0,415.0,495.0,1131.0,2.0,0.0,481635.0,481086.0,0.0,553.0,128.0,72.0,0.297075,0.042807,10.0,1.0,12.0,1.0,VerletClusterLists,1.0,vcl_cluster_iteration,none,AoS,disabled
./data/1714081779129814005,0.001148,3.0,63.0,415.0,495.0,1131.0,2.0,0.0,481635.0,481086.0,0.0,553.0,128.0,72.0,0.297075,0.042807,10.0,1.0,12.0,0.7788007830714049,VerletClusterLists,1.0,vcl_c01_balanced,none,SoA,disabled
./data/1714081779129814005,0.001148,3.0,63.0,415.0,495.0,1131.0,2.0,0.0,481635.0,481086.0,0.0,553.0,128.0,72.0,0.297075,0.042807,10.0,1.0,12.0,0.6065306597126334,VerletClusterLists,1.0,vcl_c06,none,SoA,enabled
./data/1714081779129814005,0.001148,3.0,63.0,415.0,495.0,1131.0,2.0,0.0,481635.0,481086.0,0.0,553.0,128.0,72.0,0.297075,0.042807,10.0,1.0,12.0,0.4723665527410147,VerletClusterLists,1.0,vcl_cluster_iteration,none,SoA,disabled
./data/1714081630263844407,7.6e-05,3.0,63.0,55.0,495.0,10.0,1.0,0.0,65835.0,65830.0,0.0,5.0,128.0,72.0,0.403687,0.447197,10.0,1.0,12.0,1.0,VerletClusterLists,1.0,vcl_cluster_iteration,none,SoA,disabled
./data/1714081630263844407,7.6e-05,3.0,63.0,55.0,495.0,10.0,1.0,0.0,65835.0,65830.0,0.0,5.0,128.0,72.0,0.403687,0.447197,10.0,1.0,12.0,0.7788007830714049,VerletClusterLists,1.0,vcl_c06,none,SoA,disabled
./data/1714081630263844407,7.6e-05,3.0,63.0,55.0,495.0,10.0,1.0,0.0,65835.0,65830.0,0.0,5.0,128.0,72.0,0.403687,0.447197,10.0,1.0,12.0,0.6065306597126334,VerletClusterLists,1.0,vcl_cluster_iteration,none,AoS,disabled
./data/1714081630263844407,7.6e-05,3.0,63.0,55.0,495.0,10.0,1.0,0.0,65835.0,65830.0,0.0,5.0,128.0,72.0,0.403687,0.447197,10.0,1.0,12.0,0.4723665527410147,VerletClusterLists,1.0,vcl_c01_balanced,none,AoS,disabled
./data/1714080062451536579,2.826994,3.0,95.0,95.0,55.0,594631.0,20.0,0.0,19456.0,4185.0,0.0,55002.0,128.0,72.0,0.117398,0.006573,10.0,1.0,12.0,1.0,VerletListsCells,1.0,vlc_c18,none,AoS,enabled
./data/1714080062451536579,2.826994,3.0,95.0,95.0,55.0,594631.0,20.0,0.0,19456.0,4185.0,0.0,55002.0,128.0,72.0,0.117398,0.006573,10.0,1.0,12.0,0.7788007830714049,VerletListsCells,1.0,vlc_c01,none,AoS,disabled
./data/1714080062451536579,2.826994,3.0,95.0,95.0,55.0,594631.0,20.0,0.0,19456.0,4185.0,0.0,55002.0,128.0,72.0,0.117398,0.006573,10.0,1.0,12.0,0.6065306597126334,VerletListsCells,1.0,vlc_c18,none,AoS,disabled
./data/1714080062451536579,2.826994,3.0,95.0,95.0,55.0,594631.0,20.0,0.0,19456.0,4185.0,0.0,55002.0,128.0,72.0,0.117398,0.006573,10.0,1.0,12.0,0.4723665527410147,LinkedCells,1.0,lc_c04,none,SoA,enabled
./data/1714080574266443488,0.464018,3.0,195.0,195.0,195.0,1045428.0,20.0,0.0,274625.0,222620.0,0.0,127431.0,128.0,72.0,0.364347,0.005236,10.0,1.0,12.0,1.0,VerletListsCells,1.0,vlc_c18,none,AoS,enabled
./data/1714080574266443488,0.464018,3.0,195.0,195.0,195.0,1045428.0,20.0,0.0,274625.0,222620.0,0.0,127431.0,128.0,72.0,0.364347,0.005236,10.0,1.0,12.0,0.7788007830714049,VerletListsCells,1.0,vlc_c01,none,AoS,disabled
./data/1714080574266443488,0.464018,3.0,195.0,195.0,195.0,1045428.0,20.0,0.0,274625.0,222620.0,0.0,127431.0,128.0,72.0,0.364347,0.005236,10.0,1.0,12.0,0.6065306597126334,VerletLists,1.0,vl_list_iteration,none,AoS,disabled
./data/1714080574266443488,0.464018,3.0,195.0,195.0,195.0,1045428.0,20.0,0.0,274625.0,222620.0,0.0,127431.0,128.0,72.0,0.364347,0.005236,10.0,1.0,12.0,0.4723665527410147,VerletListsCells,1.0,vlc_sliced_c02,none,AoS,enabled
./data/1714075276151476899,3.296296,3.0,7.25,7.25,7.25,2322.0,20.0,0.0,27.0,19.0,0.0,89.0,128.0,72.0,0.138357,0.321676,10.0,1.0,12.0,1.0,VerletClusterLists,1.0,vcl_cluster_iteration,none,SoA,disabled
./data/1714075276151476899,3.296296,3.0,7.25,7.25,7.25,2322.0,20.0,0.0,27.0,19.0,0.0,89.0,128.0,72.0,0.138357,0.321676,10.0,1.0,12.0,0.7788007830714049,VerletClusterLists,1.0,vcl_cluster_iteration,none,AoS,disabled
./data/1714075276151476899,3.296296,3.0,7.25,7.25,7.25,2322.0,20.0,0.0,27.0,19.0,0.0,89.0,128.0,72.0,0.138357,0.321676,10.0,1.0,12.0,0.6065306597126334,LinkedCells,1.0,lc_sliced,none,SoA,enabled
./data/1714075276151476899,3.296296,3.0,7.25,7.25,7.25,2322.0,20.0,0.0,27.0,19.0,0.0,89.0,128.0,72.0,0.138357,0.321676,10.0,1.0,12.0,0.4723665527410147,LinkedCells,1.0,lc_sliced,none,SoA,disabled
./data/1714075179900989117,25.925926,3.0,7.25,7.25,7.25,146609.0,156.0,0.0,27.0,19.0,0.0,700.0,128.0,72.0,0.133507,0.325582,10.0,1.0,12.0,1.0,VerletClusterLists,1.0,vcl_cluster_iteration,none,SoA,disabled
./data/1714075179900989117,25.925926,3.0,7.25,7.25,7.25,146609.0,156.0,0.0,27.0,19.0,0.0,700.0,128.0,72.0,0.133507,0.325582,10.0,1.0,12.0,0.7788007830714049,VerletClusterLists,1.0,vcl_cluster_iteration,none,AoS,disabled
./data/1714075179900989117,25.925926,3.0,7.25,7.25,7.25,146609.0,156.0,0.0,27.0,19.0,0.0,700.0,128.0,72.0,0.133507,0.325582,10.0,1.0,12.0,0.6065306597126334,VerletLists,1.0,vl_list_iteration,none,SoA,disabled
./data/1714075179900989117,25.925926,3.0,7.25,7.25,7.25,146609.0,156.0,0.0,27.0,19.0,0.0,700.0,128.0,72.0,0.133507,0.325582,10.0,1.0,12.0,0.4723665527410147,VerletClusterLists,1.0,vcl_c01_balanced,none,SoA,disabled
./data/1714074940454459261,0.203542,3.0,51.0,51.0,51.0,2441.0,3.0,0.0,4913.0,4007.0,0.0,1000.0,128.0,72.0,0.032357,0.03163,10.0,1.0,12.0,1.0,VerletClusterLists,1.0,vcl_cluster_iteration,none,SoA,disabled
./data/1714074940454459261,0.203542,3.0,51.0,51.0,51.0,2441.0,3.0,0.0,4913.0,4007.0,0.0,1000.0,128.0,72.0,0.032357,0.03163,10.0,1.0,12.0,0.7788007830714049,VerletClusterLists,1.0,vcl_c06,none,SoA,enabled
./data/1714074940454459261,0.203542,3.0,51.0,51.0,51.0,2441.0,3.0,0.0,4913.0,4007.0,0.0,1000.0,128.0,72.0,0.032357,0.03163,10.0,1.0,12.0,0.6065306597126334,VerletClusterLists,1.0,vcl_c06,none,AoS,enabled
./data/1714074940454459261,0.203542,3.0,51.0,51.0,51.0,2441.0,3.0,0.0,4913.0,4007.0,0.0,1000.0,128.0,72.0,0.032357,0.03163,10.0,1.0,12.0,0.4723665527410147,VerletListsCells,1.0,vlc_sliced_c02,none,AoS,enabled
./data/1714075353200924905,6.666667,3.0,58.0,7.25,7.25,44832.0,35.0,0.0,180.0,100.0,0.0,1200.0,128.0,72.0,0.097925,0.096717,10.0,1.0,12.0,1.0,LinkedCells,1.0,lc_sliced_c02,none,SoA,enabled
./data/1714075353200924905,6.666667,3.0,58.0,7.25,7.25,44832.0,35.0,0.0,180.0,100.0,0.0,1200.0,128.0,72.0,0.097925,0.096717,10.0,1.0,12.0,0.7788007830714049,LinkedCells,1.0,lc_sliced_balanced,none,SoA,enabled
./data/1714075353200924905,6.666667,3.0,58.0,7.25,7.25,44832.0,35.0,0.0,180.0,100.0,0.0,1200.0,128.0,72.0,0.097925,0.096717,10.0,1.0,12.0,0.6065306597126334,LinkedCells,1.0,lc_c08,none,SoA,enabled
./data/1714075353200924905,6.666667,3.0,58.0,7.25,7.25,44832.0,35.0,0.0,180.0,100.0,0.0,1200.0,128.0,72.0,0.097925,0.096717,10.0,1.0,12.0,0.4723665527410147,LinkedCells,1.0,lc_c01,none,SoA,disabled
./data/1714080390753305556,0.186184,3.0,195.0,95.0,55.0,20404.0,4.0,0.0,39520.0,33329.0,0.0,7358.0,128.0,72.0,0.144749,0.012643,10.0,1.0,12.0,1.0,VerletClusterLists,1.0,vcl_c06,none,SoA,enabled
./data/1714080390753305556,0.186184,3.0,195.0,95.0,55.0,20404.0,4.0,0.0,39520.0,33329.0,0.0,7358.0,128.0,72.0,0.144749,0.012643,10.0,1.0,12.0,0.7788007830714049,VerletClusterLists,1.0,vcl_c06,none,AoS,enabled
./data/1714080390753305556,0.186184,3.0,195.0,95.0,55.0,20404.0,4.0,0.0,39520.0,33329.0,0.0,7358.0,128.0,72.0,0.144749,0.012643,10.0,1.0,12.0,0.6065306597126334,LinkedCells,1.0,lc_sliced,none,AoS,enabled
./data/1714080390753305556,0.186184,3.0,195.0,95.0,55.0,20404.0,4.0,0.0,39520.0,33329.0,0.0,7358.0,128.0,72.0,0.144749,0.012643,10.0,1.0,12.0,0.4723665527410147,VerletClusterLists,1.0,vcl_c01_balanced,none,SoA,disabled
./data/1714082680922988439,4.477612,3.0,402.0,42.0,42.0,1187369.0,6.0,1.0,26264.0,0.0,0.0,117600.0,128.0,72.0,0.012439,0.001808,10.0,1.0,12.0,1.0,VerletListsCells,1.0,vlc_sliced_c02,none,AoS,enabled
./data/1714082680922988439,4.477612,3.0,402.0,42.0,42.0,1187369.0,6.0,1.0,26264.0,0.0,0.0,117600.0,128.0,72.0,0.012439,0.001808,10.0,1.0,12.0,0.7788007830714049,VerletListsCells,1.0,vlc_c18,none,AoS,enabled
./data/1714082680922988439,4.477612,3.0,402.0,42.0,42.0,1187369.0,6.0,1.0,26264.0,0.0,0.0,117600.0,128.0,72.0,0.012439,0.001808,10.0,1.0,12.0,0.6065306597126334,LinkedCells,1.0,lc_c18,none,SoA,enabled
./data/1714082680922988439,4.477612,3.0,402.0,42.0,42.0,1187369.0,6.0,1.0,26264.0,0.0,0.0,117600.0,128.0,72.0,0.012439,0.001808,10.0,1.0,12.0,0.4723665527410147,LinkedCells,1.0,lc_c04,none,SoA,enabled
./data/1714078298751143228,2.871264,3.0,55.0,55.0,55.0,188183.0,15.0,0.0,6859.0,904.0,0.0,19694.0,128.0,72.0,0.066371,0.009379,10.0,1.0,12.0,1.0,VerletListsCells,1.0,vlc_c18,none,AoS,enabled
./data/1714078298751143228,2.871264,3.0,55.0,55.0,55.0,188183.0,15.0,0.0,6859.0,904.0,0.0,19694.0,128.0,72.0,0.066371,0.009379,10.0,1.0,12.0,0.7788007830714049,VerletListsCells,1.0,vlc_c01,none,AoS,disabled
./data/1714078298751143228,2.871264,3.0,55.0,55.0,55.0,188183.0,15.0,0.0,6859.0,904.0,0.0,19694.0,128.0,72.0,0.066371,0.009379,10.0,1.0,12.0,0.6065306597126334,VerletListsCells,1.0,vlc_c18,none,AoS,disabled
./data/1714078298751143228,2.871264,3.0,55.0,55.0,55.0,188183.0,15.0,0.0,6859.0,904.0,0.0,19694.0,128.0,72.0,0.066371,0.009379,10.0,1.0,12.0,0.4723665527410147,VerletLists,1.0,vl_list_iteration,none,AoS,disabled
./data/1714074730886805068,0.020354,3.0,51.0,51.0,51.0,209.0,2.0,0.0,4913.0,4815.0,0.0,100.0,128.0,72.0,0.095723,0.100978,10.0,1.0,12.0,1.0,VerletClusterLists,1.0,vcl_c01_balanced,none,SoA,disabled
./data/1714074730886805068,0.020354,3.0,51.0,51.0,51.0,209.0,2.0,0.0,4913.0,4815.0,0.0,100.0,128.0,72.0,0.095723,0.100978,10.0,1.0,12.0,0.7788007830714049,VerletClusterLists,1.0,vcl_c06,none,SoA,enabled
./data/1714074730886805068,0.020354,3.0,51.0,51.0,51.0,209.0,2.0,0.0,4913.0,4815.0,0.0,100.0,128.0,72.0,0.095723,0.100978,10.0,1.0,12.0,0.6065306597126334,VerletClusterLists,1.0,vcl_c06,none,AoS,disabled
./data/1714074730886805068,0.020354,3.0,51.0,51.0,51.0,209.0,2.0,0.0,4913.0,4815.0,0.0,100.0,128.0,72.0,0.095723,0.100978,10.0,1.0,12.0,0.4723665527410147,VerletClusterLists,1.0,vcl_c06,none,AoS,enabled
./data/1714074555031531348,0.020354,3.0,51.0,51.0,51.0,209.0,2.0,0.0,4913.0,4815.0,0.0,100.0,128.0,72.0,0.117316,0.100978,10.0,1.0,12.0,1.0,VerletClusterLists,1.0,vcl_cluster_iteration,none,AoS,disabled
./data/1714074555031531348,0.020354,3.0,51.0,51.0,51.0,209.0,2.0,0.0,4913.0,4815.0,0.0,100.0,128.0,72.0,0.117316,0.100978,10.0,1.0,12.0,0.7788007830714049,VerletClusterLists,1.0,vcl_cluster_iteration,none,SoA,disabled
./data/1714074555031531348,0.020354,3.0,51.0,51.0,51.0,209.0,2.0,0.0,4913.0,4815.0,0.0,100.0,128.0,72.0,0.117316,0.100978,10.0,1.0,12.0,0.6065306597126334,VerletClusterLists,1.0,vcl_c06,none,SoA,disabled
./data/1714074555031531348,0.020354,3.0,51.0,51.0,51.0,209.0,2.0,0.0,4913.0,4815.0,0.0,100.0,128.0,72.0,0.117316,0.100978,10.0,1.0,12.0,0.4723665527410147,VerletClusterLists,1.0,vcl_c06,none,AoS,enabled
./data/1714083448276393066,9.44807,3.0,201.5,201.5,21.5,8566298.0,16.0,0.0,36992.0,5569.0,0.0,349503.0,128.0,72.0,0.016133,0.002567,10.0,1.0,12.0,1.0,VerletListsCells,1.0,vlc_c18,none,AoS,enabled
./data/1714083448276393066,9.44807,3.0,201.5,201.5,21.5,8566298.0,16.0,0.0,36992.0,5569.0,0.0,349503.0,128.0,72.0,0.016133,0.002567,10.0,1.0,12.0,0.7788007830714049,VerletListsCells,1.0,vlc_sliced_c02,none,AoS,enabled
./data/1714083448276393066,9.44807,3.0,201.5,201.5,21.5,8566298.0,16.0,0.0,36992.0,5569.0,0.0,349503.0,128.0,72.0,0.016133,0.002567,10.0,1.0,12.0,0.6065306597126334,LinkedCells,1.0,lc_c18,none,SoA,enabled
./data/1714083448276393066,9.44807,3.0,201.5,201.5,21.5,8566298.0,16.0,0.0,36992.0,5569.0,0.0,349503.0,128.0,72.0,0.016133,0.002567,10.0,1.0,12.0,0.4723665527410147,LinkedCells,1.0,lc_c04,none,SoA,enabled
./data/1714080243596980486,2.639876,3.0,135.0,95.0,55.0,735588.0,20.0,0.0,27360.0,5784.0,0.0,72227.0,128.0,72.0,0.104635,0.005599,10.0,1.0,12.0,1.0,VerletListsCells,1.0,vlc_c18,none,AoS,enabled
./data/1714080243596980486,2.639876,3.0,135.0,95.0,55.0,735588.0,20.0,0.0,27360.0,5784.0,0.0,72227.0,128.0,72.0,0.104635,0.005599,10.0,1.0,12.0,0.7788007830714049,VerletListsCells,1.0,vlc_c01,none,AoS,disabled
./data/1714080243596980486,2.639876,3.0,135.0,95.0,55.0,735588.0,20.0,0.0,27360.0,5784.0,0.0,72227.0,128.0,72.0,0.104635,0.005599,10.0,1.0,12.0,0.6065306597126334,VerletListsCells,1.0,vlc_c18,none,AoS,disabled
./data/1714080243596980486,2.639876,3.0,135.0,95.0,55.0,735588.0,20.0,0.0,27360.0,5784.0,0.0,72227.0,128.0,72.0,0.104635,0.005599,10.0,1.0,12.0,0.4723665527410147,VerletLists,1.0,vl_list_iteration,none,AoS,disabled
./data/1714076367488617210,2.321499,3.0,121.0,121.0,121.0,1130050.0,11.0,0.0,68921.0,7854.0,0.0,160000.0,128.0,72.0,0.004738,0.002611,10.0,1.0,12.0,1.0,VerletListsCells,1.0,vlc_c18,none,AoS,enabled
./data/1714076367488617210,2.321499,3.0,121.0,121.0,121.0,1130050.0,11.0,0.0,68921.0,7854.0,0.0,160000.0,128.0,72.0,0.004738,0.002611,10.0,1.0,12.0,0.7788007830714049,VerletListsCells,1.0,vlc_sliced_c02,none,AoS,enabled
./data/1714076367488617210,2.321499,3.0,121.0,121.0,121.0,1130050.0,11.0,0.0,68921.0,7854.0,0.0,160000.0,128.0,72.0,0.004738,0.002611,10.0,1.0,12.0,0.6065306597126334,VerletListsCells,1.0,vlc_c01,none,AoS,disabled
./data/1714076367488617210,2.321499,3.0,121.0,121.0,121.0,1130050.0,11.0,0.0,68921.0,7854.0,0.0,160000.0,128.0,72.0,0.004738,0.002611,10.0,1.0,12.0,0.4723665527410147,VerletListsCells,1.0,vlc_c18,none,AoS,disabled
./data/1714075714728436965,1.170264,3.0,121.0,181.0,121.0,544124.0,9.0,0.0,102541.0,32542.0,0.0,120000.0,128.0,72.0,0.004325,0.002935,10.0,1.0,12.0,1.0,VerletListsCells,1.0,vlc_c18,none,AoS,enabled
./data/1714075714728436965,1.170264,3.0,121.0,181.0,121.0,544124.0,9.0,0.0,102541.0,32542.0,0.0,120000.0,128.0,72.0,0.004325,0.002935,10.0,1.0,12.0,0.7788007830714049,VerletListsCells,1.0,vlc_sliced_c02,none,AoS,enabled
./data/1714075714728436965,1.170264,3.0,121.0,181.0,121.0,544124.0,9.0,0.0,102541.0,32542.0,0.0,120000.0,128.0,72.0,0.004325,0.002935,10.0,1.0,12.0,0.6065306597126334,VerletListsCells,1.0,vlc_c01,none,AoS,disabled
./data/1714075714728436965,1.170264,3.0,121.0,181.0,121.0,544124.0,9.0,0.0,102541.0,32542.0,0.0,120000.0,128.0,72.0,0.004325,0.002935,10.0,1.0,12.0,0.4723665527410147,VerletListsCells,1.0,vlc_c18,none,AoS,disabled
./data/1714083151015731221,2.783304,3.0,202.23,202.23,22.23,833636.0,6.0,0.0,36992.0,5569.0,0.0,102960.0,128.0,72.0,0.02478,0.003303,10.0,1.0,12.0,1.0,VerletListsCells,1.0,vlc_sliced_c02,none,AoS,enabled
./data/1714083151015731221,2.783304,3.0,202.23,202.23,22.23,833636.0,6.0,0.0,36992.0,5569.0,0.0,102960.0,128.0,72.0,0.02478,0.003303,10.0,1.0,12.0,0.7788007830714049,VerletClusterLists,1.0,vcl_c06,none,SoA,enabled
./data/1714083151015731221,2.783304,3.0,202.23,202.23,22.23,833636.0,6.0,0.0,36992.0,5569.0,0.0,102960.0,128.0,72.0,0.02478,0.003303,10.0,1.0,12.0,0.6065306597126334,VerletListsCells,1.0,vlc_c01,none,AoS,disabled
./data/1714083151015731221,2.783304,3.0,202.23,202.23,22.23,833636.0,6.0,0.0,36992.0,5569.0,0.0,102960.0,128.0,72.0,0.02478,0.003303,10.0,1.0,12.0,0.4723665527410147,VerletListsCells,1.0,vlc_c18,none,AoS,enabled
./data/1714082077665325301,0.229548,3.0,115.0,215.0,145.0,80724.0,6.0,0.0,137592.0,109725.0,0.0,31584.0,128.0,72.0,0.041469,0.005708,10.0,1.0,12.0,1.0,VerletClusterLists,1.0,vcl_c06,none,SoA,enabled
./data/1714082077665325301,0.229548,3.0,115.0,215.0,145.0,80724.0,6.0,0.0,137592.0,109725.0,0.0,31584.0,128.0,72.0,0.041469,0.005708,10.0,1.0,12.0,0.7788007830714049,LinkedCells,1.0,lc_c04,none,AoS,enabled
./data/1714082077665325301,0.229548,3.0,115.0,215.0,145.0,80724.0,6.0,0.0,137592.0,109725.0,0.0,31584.0,128.0,72.0,0.041469,0.005708,10.0,1.0,12.0,0.6065306597126334,VerletListsCells,1.0,vlc_sliced_c02,none,AoS,enabled
./data/1714082077665325301,0.229548,3.0,115.0,215.0,145.0,80724.0,6.0,0.0,137592.0,109725.0,0.0,31584.0,128.0,72.0,0.041469,0.005708,10.0,1.0,12.0,0.4723665527410147,LinkedCells,1.0,lc_sliced_balanced,none,AoS,enabled
./data/1714083557446051249,0.217508,3.0,205.0,205.0,25.0,18779.0,1.0,0.0,42849.0,33529.0,0.0,9320.0,128.0,72.0,0.053887,0.009163,10.0,1.0,12.0,1.0,VerletClusterLists,1.0,vcl_c06,none,SoA,enabled
./data/1714083557446051249,0.217508,3.0,205.0,205.0,25.0,18779.0,1.0,0.0,42849.0,33529.0,0.0,9320.0,128.0,72.0,0.053887,0.009163,10.0,1.0,12.0,0.7788007830714049,VerletClusterLists,1.0,vcl_c06,none,AoS,enabled
./data/1714083557446051249,0.217508,3.0,205.0,205.0,25.0,18779.0,1.0,0.0,42849.0,33529.0,0.0,9320.0,128.0,72.0,0.053887,0.009163,10.0,1.0,12.0,0.6065306597126334,VerletClusterLists,1.0,vcl_c01_balanced,none,SoA,disabled
./data/1714083557446051249,0.217508,3.0,205.0,205.0,25.0,18779.0,1.0,0.0,42849.0,33529.0,0.0,9320.0,128.0,72.0,0.053887,0.009163,10.0,1.0,12.0,0.4723665527410147,VerletClusterLists,1.0,vcl_cluster_iteration,none,SoA,disabled
./data/1714075392158149458,8.163265,3.0,19.0,7.25,19.0,40300.0,28.0,0.0,147.0,49.0,0.0,1200.0,128.0,72.0,0.071544,0.081258,10.0,1.0,12.0,1.0,LinkedCells,1.0,lc_c08,none,SoA,enabled
./data/1714075392158149458,8.163265,3.0,19.0,7.25,19.0,40300.0,28.0,0.0,147.0,49.0,0.0,1200.0,128.0,72.0,0.071544,0.081258,10.0,1.0,12.0,0.7788007830714049,LinkedCells,1.0,lc_c18,none,SoA,enabled
./data/1714075392158149458,8.163265,3.0,19.0,7.25,19.0,40300.0,28.0,0.0,147.0,49.0,0.0,1200.0,128.0,72.0,0.071544,0.081258,10.0,1.0,12.0,0.6065306597126334,LinkedCells,1.0,lc_c01,none,SoA,disabled
./data/1714075392158149458,8.163265,3.0,19.0,7.25,19.0,40300.0,28.0,0.0,147.0,49.0,0.0,1200.0,128.0,72.0,0.071544,0.081258,10.0,1.0,12.0,0.4723665527410147,VerletLists,1.0,vl_list_iteration,none,AoS,disabled
./data/1714075132205562059,0.081417,3.0,51.0,51.0,51.0,889.0,2.0,0.0,4913.0,4533.0,0.0,400.0,128.0,72.0,0.048093,0.050462,10.0,1.0,12.0,1.0,VerletClusterLists,1.0,vcl_cluster_iteration,none,SoA,disabled
./data/1714075132205562059,0.081417,3.0,51.0,51.0,51.0,889.0,2.0,0.0,4913.0,4533.0,0.0,400.0,128.0,72.0,0.048093,0.050462,10.0,1.0,12.0,0.7788007830714049,VerletClusterLists,1.0,vcl_cluster_iteration,none,AoS,disabled
./data/1714075132205562059,0.081417,3.0,51.0,51.0,51.0,889.0,2.0,0.0,4913.0,4533.0,0.0,400.0,128.0,72.0,0.048093,0.050462,10.0,1.0,12.0,0.6065306597126334,VerletClusterLists,1.0,vcl_c06,none,SoA,enabled
./data/1714075132205562059,0.081417,3.0,51.0,51.0,51.0,889.0,2.0,0.0,4913.0,4533.0,0.0,400.0,128.0,72.0,0.048093,0.050462,10.0,1.0,12.0,0.4723665527410147,VerletClusterLists,1.0,vcl_c06,none,SoA,disabled
